RegimeVersion,CalibrationVersion,Ticker,PivotSeq,PivotType,PivotDate,PivotPrice,ConfirmedAtDate,ConfirmationPrice,DeviationPctUsed,DeviationSelectedAtDate,RegimeUsed
V2.0,V1.1,MWG,1,LOW,2014-07-14,4.19,2014-07-16,4.81,0.12,,BOOTSTRAP
V2.0,V1.1,MWG,2,HIGH,2014-09-23,9.46,2014-09-25,8.32,0.12,2014-07-16,NORMAL
V2.0,V1.1,MWG,3,LOW,2014-09-25,8.32,2014-10-08,9.66,0.12,2014-09-25,NORMAL
V2.0,V1.1,MWG,4,HIGH,2014-10-10,10.37,2014-11-03,9.05,0.12,2014-10-08,NORMAL
V2.0,V1.1,MWG,5,LOW,2014-12-01,7.29,2014-12-03,8.48,0.12,2014-11-03,NORMAL
V2.0,V1.1,MWG,6,HIGH,2015-02-25,13.0,2015-03-02,11.25,0.12,2014-12-03,NORMAL
V2.0,V1.1,MWG,7,LOW,2015-05-15,7.74,2015-05-19,8.79,0.12,2015-03-02,NORMAL
V2.0,V1.1,MWG,8,HIGH,2015-05-20,9.39,2015-06-19,7.96,0.15,2015-05-19,HIGH_VOL
V2.0,V1.1,MWG,9,LOW,2015-08-25,6.48,2015-08-31,7.25,0.096,2015-06-19,LOW_VOL
V2.0,V1.1,MWG,10,HIGH,2015-08-31,7.47,2015-09-15,6.48,0.12,2015-08-31,NORMAL
V2.0,V1.1,MWG,11,LOW,2015-09-16,6.42,2015-10-08,7.69,0.15,2015-09-15,HIGH_VOL
V2.0,V1.1,MWG,12,HIGH,2015-11-24,9.11,2015-12-10,8.13,0.096,2015-10-08,LOW_VOL
V2.0,V1.1,MWG,13,LOW,2016-01-22,7.36,2016-02-24,8.51,0.15,2015-12-10,HIGH_VOL
V2.0,V1.1,MWG,14,HIGH,2016-07-14,16.12,2016-07-21,14.44,0.096,2016-02-24,LOW_VOL
V2.0,V1.1,MWG,15,LOW,2016-08-03,13.66,2016-08-15,15.79,0.15,2016-07-21,HIGH_VOL
V2.0,V1.1,MWG,16,HIGH,2016-08-19,17.58,2016-09-15,14.82,0.15,2016-08-15,HIGH_VOL
V2.0,V1.1,MWG,17,LOW,2016-09-19,14.55,2016-10-18,16.79,0.15,2016-09-15,HIGH_VOL
V2.0,V1.1,MWG,18,HIGH,2017-11-21,31.29,2018-02-06,26.87,0.12,2016-10-18,NORMAL
V2.0,V1.1,MWG,19,LOW,2018-04-19,22.13,2018-05-23,25.88,0.15,2018-02-06,HIGH_VOL
V2.0,V1.1,MWG,20,HIGH,2018-06-14,28.85,2018-07-02,24.5,0.15,2018-05-23,HIGH_VOL
V2.0,V1.1,MWG,21,LOW,2018-07-04,22.81,2018-07-19,26.4,0.15,2018-07-02,HIGH_VOL
V2.0,V1.1,MWG,22,HIGH,2018-10-10,30.0,2018-10-26,24.73,0.15,2018-07-19,HIGH_VOL
V2.0,V1.1,MWG,23,LOW,2018-10-29,23.95,2018-12-03,26.87,0.12,2018-10-26,NORMAL
V2.0,V1.1,MWG,24,HIGH,2019-09-30,40.22,2019-11-21,35.25,0.12,2018-12-03,NORMAL
V2.0,V1.1,MWG,25,LOW,2019-11-29,33.11,2020-01-21,37.27,0.12,2019-11-21,NORMAL
V2.0,V1.1,MWG,26,HIGH,2020-01-21,37.43,2020-02-03,33.79,0.096,2020-01-21,LOW_VOL
V2.0,V1.1,MWG,27,LOW,2020-03-31,17.49,2020-04-03,20.31,0.15,2020-02-03,HIGH_VOL
V2.0,V1.1,MWG,28,HIGH,2020-06-08,28.36,2020-07-27,22.89,0.15,2020-04-03,HIGH_VOL
V2.0,V1.1,MWG,29,LOW,2020-07-29,22.14,2020-08-13,25.53,0.12,2020-07-27,NORMAL
V2.0,V1.1,MWG,30,HIGH,2021-07-09,56.66,2021-07-19,49.29,0.12,2020-08-13,NORMAL
V2.0,V1.1,MWG,31,LOW,2021-07-29,49.13,2021-09-13,59.23,0.15,2021-07-19,HIGH_VOL
V2.0,V1.1,MWG,32,HIGH,2022-04-14,77.14,2022-05-09,64.63,0.12,2021-09-13,NORMAL
V2.0,V1.1,MWG,33,LOW,2022-05-16,57.43,2022-05-27,69.52,0.15,2022-05-09,HIGH_VOL
V2.0,V1.1,MWG,34,HIGH,2022-06-16,75.36,2022-07-05,62.48,0.15,2022-05-27,HIGH_VOL
V2.0,V1.1,MWG,35,LOW,2022-07-20,55.52,2022-08-25,65.25,0.15,2022-07-05,HIGH_VOL
V2.0,V1.1,MWG,36,HIGH,2022-09-12,71.92,2022-09-28,62.0,0.12,2022-08-25,NORMAL
V2.0,V1.1,MWG,37,LOW,2022-10-10,50.56,2022-10-14,57.14,0.12,2022-09-28,NORMAL
V2.0,V1.1,MWG,38,HIGH,2022-10-18,57.71,2022-10-24,48.27,0.15,2022-10-14,HIGH_VOL
V2.0,V1.1,MWG,39,LOW,2022-11-16,33.62,2022-11-17,39.87,0.15,2022-10-24,HIGH_VOL
V2.0,V1.1,MWG,40,HIGH,2023-02-02,47.6,2023-02-10,40.16,0.15,2022-11-17,HIGH_VOL
V2.0,V1.1,MWG,41,LOW,2023-03-21,35.77,2023-06-12,41.02,0.12,2023-02-10,NORMAL
V2.0,V1.1,MWG,42,HIGH,2023-08-15,53.83,2023-08-18,48.34,0.096,2023-06-12,LOW_VOL
V2.0,V1.1,MWG,43,LOW,2023-08-22,45.6,2023-09-06,52.97,0.15,2023-08-18,HIGH_VOL
V2.0,V1.1,MWG,44,HIGH,2023-09-13,57.11,2023-09-22,50.17,0.12,2023-09-06,NORMAL
V2.0,V1.1,MWG,45,LOW,2023-11-02,32.36,2023-11-03,37.51,0.12,2023-09-22,NORMAL
V2.0,V1.1,MWG,46,HIGH,2024-08-26,68.73,2024-11-15,58.14,0.15,2023-11-03,HIGH_VOL
V2.0,V1.1,MWG,47,LOW,2024-11-20,54.36,2024-12-25,60.38,0.096,2024-11-15,LOW_VOL
V2.0,V1.1,MWG,48,HIGH,2024-12-26,60.57,2025-02-11,54.75,0.096,2024-12-25,LOW_VOL
V2.0,V1.1,MWG,49,LOW,2025-02-14,52.22,2025-03-04,57.76,0.096,2025-02-11,LOW_VOL
V2.0,V1.1,MWG,50,HIGH,2025-03-11,61.35,2025-04-03,53.1,0.12,2025-03-04,NORMAL
V2.0,V1.1,MWG,51,LOW,2025-04-09,44.41,2025-04-11,51.35,0.12,2025-04-03,NORMAL
V2.0,V1.1,MWG,52,HIGH,2026-02-03,92.95,2026-03-09,75.82,0.15,2025-04-11,HIGH_VOL
V2.0,V1.1,MWG,53,LOW,2026-03-23,73.06,2026-04-17,85.57,0.15,2026-03-09,HIGH_VOL
V2.0,V1.1,MWG,54,HIGH,2026-04-20,87.14,2026-05-20,76.02,0.12,2026-04-17,NORMAL
V2.0,V1.1,MWG,55,LOW,2026-07-28,61.54,2026-07-30,69.8,0.12,2026-05-20,NORMAL
V2.0,V1.1,FPT,1,LOW,2006-12-13,9.63,2006-12-15,10.61,0.08,,BOOTSTRAP
V2.0,V1.1,FPT,2,HIGH,2006-12-20,12.27,2006-12-22,11.09,0.08,2006-12-15,NORMAL
V2.0,V1.1,FPT,3,LOW,2006-12-26,10.03,2006-12-27,11.55,0.08,2006-12-22,NORMAL
V2.0,V1.1,FPT,4,HIGH,2006-12-27,11.55,2007-01-02,10.59,0.08,2006-12-27,NORMAL
V2.0,V1.1,FPT,5,LOW,2007-01-02,10.59,2007-01-05,11.91,0.08,2007-01-02,NORMAL
V2.0,V1.1,FPT,6,HIGH,2007-02-01,15.57,2007-02-09,13.81,0.08,2007-01-05,NORMAL
V2.0,V1.1,FPT,7,LOW,2007-02-09,13.81,2007-02-13,15.16,0.08,2007-02-09,NORMAL
V2.0,V1.1,FPT,8,HIGH,2007-02-27,16.17,2007-03-01,14.8,0.08,2007-02-13,NORMAL
V2.0,V1.1,FPT,9,LOW,2007-03-28,11.75,2007-03-29,12.96,0.08,2007-03-01,NORMAL
V2.0,V1.1,FPT,10,HIGH,2007-03-30,13.25,2007-04-03,12.04,0.08,2007-03-29,NORMAL
V2.0,V1.1,FPT,11,LOW,2007-04-03,12.02,2007-04-12,13.01,0.08,2007-04-03,NORMAL
V2.0,V1.1,FPT,12,HIGH,2007-04-13,13.49,2007-04-17,12.4,0.064,2007-04-12,LOW_VOL
V2.0,V1.1,FPT,13,LOW,2007-04-25,9.95,2007-05-03,10.65,0.064,2007-04-17,LOW_VOL
V2.0,V1.1,FPT,14,HIGH,2007-05-14,13.92,2007-05-16,12.81,0.064,2007-05-03,LOW_VOL
V2.0,V1.1,FPT,15,LOW,2007-06-22,10.66,2007-06-26,11.71,0.08,2007-05-16,NORMAL
V2.0,V1.1,FPT,16,HIGH,2007-06-27,12.1,2007-06-28,11.13,0.064,2007-06-26,LOW_VOL
V2.0,V1.1,FPT,17,LOW,2007-08-03,7.86,2007-08-08,8.65,0.064,2007-06-28,LOW_VOL
V2.0,V1.1,FPT,18,HIGH,2007-08-09,9.05,2007-08-13,8.36,0.064,2007-08-08,LOW_VOL
V2.0,V1.1,FPT,19,LOW,2007-08-17,7.89,2007-09-24,8.65,0.08,2007-08-13,NORMAL
V2.0,V1.1,FPT,20,HIGH,2007-10-03,10.9,2007-10-05,10.17,0.064,2007-09-24,LOW_VOL
V2.0,V1.1,FPT,21,LOW,2008-01-15,6.89,2008-01-18,7.37,0.064,2007-10-05,LOW_VOL
V2.0,V1.1,FPT,22,HIGH,2008-01-17,7.55,2008-01-22,6.67,0.08,2008-01-18,NORMAL
V2.0,V1.1,FPT,23,LOW,2008-01-24,6.2,2008-01-29,6.97,0.08,2008-01-22,NORMAL
V2.0,V1.1,FPT,24,HIGH,2008-01-30,7.29,2008-02-18,6.42,0.10400000000000001,2008-01-29,HIGH_VOL
V2.0,V1.1,FPT,25,LOW,2008-03-05,4.45,2008-03-10,5.11,0.10400000000000001,2008-02-18,HIGH_VOL
V2.0,V1.1,FPT,26,HIGH,2008-03-10,5.11,2008-03-18,4.56,0.10400000000000001,2008-03-10,HIGH_VOL
V2.0,V1.1,FPT,27,LOW,2008-06-24,1.72,2008-07-01,1.9,0.10400000000000001,2008-03-18,HIGH_VOL
V2.0,V1.1,FPT,28,HIGH,2008-07-18,2.51,2008-07-24,2.27,0.08,2008-07-01,NORMAL
V2.0,V1.1,FPT,29,LOW,2008-07-25,2.21,2008-07-30,2.45,0.10400000000000001,2008-07-24,HIGH_VOL
V2.0,V1.1,FPT,30,HIGH,2008-09-05,5.13,2008-09-08,4.53,0.08,2008-07-30,NORMAL
V2.0,V1.1,FPT,31,LOW,2008-09-18,3.09,2008-09-23,3.52,0.10400000000000001,2008-09-08,HIGH_VOL
V2.0,V1.1,FPT,32,HIGH,2008-09-29,3.75,2008-10-06,3.26,0.10400000000000001,2008-09-23,HIGH_VOL
V2.0,V1.1,FPT,33,LOW,2008-10-13,2.57,2008-10-16,2.85,0.10400000000000001,2008-10-06,HIGH_VOL
V2.0,V1.1,FPT,34,HIGH,2008-10-17,2.98,2008-10-24,2.6,0.10400000000000001,2008-10-16,HIGH_VOL
V2.0,V1.1,FPT,35,LOW,2008-10-28,2.38,2008-10-30,2.66,0.10400000000000001,2008-10-24,HIGH_VOL
V2.0,V1.1,FPT,36,HIGH,2008-11-10,3.66,2008-11-18,3.23,0.10400000000000001,2008-10-30,HIGH_VOL
V2.0,V1.1,FPT,37,LOW,2008-12-08,2.66,2008-12-15,3.03,0.10400000000000001,2008-11-18,HIGH_VOL
V2.0,V1.1,FPT,38,HIGH,2008-12-18,3.06,2008-12-24,2.8,0.08,2008-12-15,NORMAL
V2.0,V1.1,FPT,39,LOW,2008-12-24,2.75,2009-01-07,3.03,0.08,2008-12-24,NORMAL
V2.0,V1.1,FPT,40,HIGH,2009-01-07,3.09,2009-01-21,2.84,0.08,2009-01-07,NORMAL
V2.0,V1.1,FPT,41,LOW,2009-02-05,2.65,2009-02-09,2.82,0.064,2009-01-21,LOW_VOL
V2.0,V1.1,FPT,42,HIGH,2009-02-09,2.82,2009-02-16,2.59,0.064,2009-02-09,LOW_VOL
V2.0,V1.1,FPT,43,LOW,2009-02-24,2.16,2009-02-26,2.35,0.064,2009-02-16,LOW_VOL
V2.0,V1.1,FPT,44,HIGH,2009-03-19,2.78,2009-03-23,2.52,0.08,2009-02-26,NORMAL
V2.0,V1.1,FPT,45,LOW,2009-03-23,2.51,2009-03-25,2.77,0.08,2009-03-23,NORMAL
V2.0,V1.1,FPT,46,HIGH,2009-03-27,2.89,2009-03-30,2.62,0.08,2009-03-25,NORMAL
V2.0,V1.1,FPT,47,LOW,2009-03-31,2.52,2009-04-02,2.83,0.08,2009-03-30,NORMAL
V2.0,V1.1,FPT,48,HIGH,2009-04-15,3.46,2009-04-17,3.18,0.08,2009-04-02,NORMAL
V2.0,V1.1,FPT,49,LOW,2009-04-21,2.89,2009-05-04,3.32,0.10400000000000001,2009-04-17,HIGH_VOL
V2.0,V1.1,FPT,50,HIGH,2009-05-12,3.89,2009-05-13,3.55,0.08,2009-05-04,NORMAL
V2.0,V1.1,FPT,51,LOW,2009-05-13,3.55,2009-06-01,3.92,0.08,2009-05-13,NORMAL
V2.0,V1.1,FPT,52,HIGH,2009-06-09,4.56,2009-06-12,4.09,0.08,2009-06-01,NORMAL
V2.0,V1.1,FPT,53,LOW,2009-06-16,3.77,2009-06-18,4.15,0.08,2009-06-12,NORMAL
V2.0,V1.1,FPT,54,HIGH,2009-06-19,4.35,2009-06-23,3.98,0.08,2009-06-18,NORMAL
V2.0,V1.1,FPT,55,LOW,2009-06-23,3.95,2009-06-26,4.27,0.08,2009-06-23,NORMAL
V2.0,V1.1,FPT,56,HIGH,2009-06-25,4.35,2009-07-01,3.89,0.08,2009-06-26,NORMAL
V2.0,V1.1,FPT,57,LOW,2009-07-01,3.86,2009-07-06,4.27,0.10400000000000001,2009-07-01,HIGH_VOL
V2.0,V1.1,FPT,58,HIGH,2009-08-25,5.23,2009-09-07,4.76,0.08,2009-07-06,NORMAL
V2.0,V1.1,FPT,59,LOW,2009-09-07,4.65,2009-09-14,5.11,0.064,2009-09-07,LOW_VOL
V2.0,V1.1,FPT,60,HIGH,2009-09-15,5.34,2009-10-01,4.94,0.064,2009-09-14,LOW_VOL
V2.0,V1.1,FPT,61,LOW,2009-10-02,4.7,2009-10-07,5.02,0.064,2009-10-01,LOW_VOL
V2.0,V1.1,FPT,62,HIGH,2009-10-16,5.46,2009-10-27,5.11,0.064,2009-10-07,LOW_VOL
V2.0,V1.1,FPT,63,LOW,2009-11-27,4.01,2009-11-30,4.62,0.064,2009-10-27,LOW_VOL
V2.0,V1.1,FPT,64,HIGH,2009-12-01,4.73,2009-12-09,4.27,0.08,2009-11-30,NORMAL
V2.0,V1.1,FPT,65,LOW,2009-12-11,4.09,2009-12-15,4.42,0.08,2009-12-09,NORMAL
V2.0,V1.1,FPT,66,HIGH,2009-12-15,4.45,2009-12-18,3.97,0.08,2009-12-15,NORMAL
V2.0,V1.1,FPT,67,LOW,2009-12-18,3.97,2009-12-23,4.57,0.10400000000000001,2009-12-18,HIGH_VOL
V2.0,V1.1,FPT,68,HIGH,2010-01-05,5.07,2010-01-12,4.51,0.10400000000000001,2009-12-23,HIGH_VOL
V2.0,V1.1,FPT,69,LOW,2010-01-13,4.45,2010-02-03,5.01,0.08,2010-01-12,NORMAL
V2.0,V1.1,FPT,70,HIGH,2010-02-04,5.04,2010-02-09,4.71,0.064,2010-02-03,LOW_VOL
V2.0,V1.1,FPT,71,LOW,2010-02-26,4.63,2010-03-09,4.98,0.064,2010-02-09,LOW_VOL
V2.0,V1.1,FPT,72,HIGH,2010-03-11,5.34,2010-03-16,4.98,0.064,2010-03-09,LOW_VOL
V2.0,V1.1,FPT,73,LOW,2010-03-26,4.86,2010-04-14,5.19,0.064,2010-03-16,LOW_VOL
V2.0,V1.1,FPT,74,HIGH,2010-05-04,5.37,2010-05-12,4.94,0.064,2010-04-14,LOW_VOL
V2.0,V1.1,FPT,75,LOW,2010-05-20,4.59,2010-05-25,5.1,0.064,2010-05-12,LOW_VOL
V2.0,V1.1,FPT,76,HIGH,2010-08-03,6.33,2010-08-12,5.69,0.08,2010-05-25,NORMAL
V2.0,V1.1,FPT,77,LOW,2010-08-25,5.41,2010-08-31,6.01,0.08,2010-08-12,NORMAL
V2.0,V1.1,FPT,78,HIGH,2010-09-06,6.21,2010-11-17,5.49,0.10400000000000001,2010-08-31,HIGH_VOL
V2.0,V1.1,FPT,79,LOW,2011-02-24,4.09,2011-02-25,4.45,0.08,2010-11-17,NORMAL
V2.0,V1.1,FPT,80,HIGH,2011-02-28,4.53,2011-04-01,4.0,0.10400000000000001,2011-02-25,HIGH_VOL
V2.0,V1.1,FPT,81,LOW,2011-04-01,3.98,2011-04-05,4.37,0.064,2011-04-01,LOW_VOL
V2.0,V1.1,FPT,82,HIGH,2011-04-07,4.77,2011-04-14,4.25,0.08,2011-04-05,NORMAL
V2.0,V1.1,FPT,83,LOW,2011-05-26,3.34,2011-05-27,3.69,0.08,2011-04-14,NORMAL
V2.0,V1.1,FPT,84,HIGH,2011-06-08,4.37,2011-06-29,3.89,0.10400000000000001,2011-05-27,HIGH_VOL
V2.0,V1.1,FPT,85,LOW,2011-07-04,3.72,2011-07-13,4.05,0.08,2011-06-29,NORMAL
V2.0,V1.1,FPT,86,HIGH,2011-07-29,4.69,2011-08-02,4.33,0.064,2011-07-13,LOW_VOL
V2.0,V1.1,FPT,87,LOW,2011-08-09,4.17,2011-08-30,4.53,0.08,2011-08-02,NORMAL
V2.0,V1.1,FPT,88,HIGH,2011-09-01,4.57,2011-09-13,4.25,0.064,2011-08-30,LOW_VOL
V2.0,V1.1,FPT,89,LOW,2011-09-14,4.09,2011-09-19,4.37,0.064,2011-09-13,LOW_VOL
V2.0,V1.1,FPT,90,HIGH,2011-09-16,4.49,2011-10-06,4.13,0.08,2011-09-19,NORMAL
V2.0,V1.1,FPT,91,LOW,2011-11-16,3.9,2012-02-20,4.46,0.10400000000000001,2011-10-06,HIGH_VOL
V2.0,V1.1,FPT,92,HIGH,2012-04-12,5.24,2012-04-20,4.87,0.064,2012-02-20,LOW_VOL
V2.0,V1.1,FPT,93,LOW,2012-04-23,4.83,2012-05-03,5.37,0.08,2012-04-20,NORMAL
V2.0,V1.1,FPT,94,HIGH,2012-05-08,5.57,2012-06-28,4.94,0.10400000000000001,2012-05-03,HIGH_VOL
V2.0,V1.1,FPT,95,LOW,2012-08-28,4.07,2012-09-04,4.49,0.064,2012-06-28,LOW_VOL
V2.0,V1.1,FPT,96,HIGH,2012-09-04,4.52,2012-09-19,3.94,0.10400000000000001,2012-09-04,HIGH_VOL
V2.0,V1.1,FPT,97,LOW,2012-12-04,3.45,2012-12-27,3.93,0.10400000000000001,2012-09-19,HIGH_VOL
V2.0,V1.1,FPT,98,HIGH,2013-01-30,4.61,2013-02-26,4.09,0.08,2012-12-27,NORMAL
V2.0,V1.1,FPT,99,LOW,2013-03-07,3.94,2013-04-08,4.4,0.10400000000000001,2013-02-26,HIGH_VOL
V2.0,V1.1,FPT,100,HIGH,2013-04-09,4.61,2013-04-15,4.19,0.08,2013-04-08,NORMAL
V2.0,V1.1,FPT,101,LOW,2013-04-16,4.08,2013-05-21,4.65,0.08,2013-04-15,NORMAL
V2.0,V1.1,FPT,102,HIGH,2013-06-07,5.09,2013-06-25,4.58,0.08,2013-05-21,NORMAL
V2.0,V1.1,FPT,103,LOW,2013-06-25,4.54,2013-08-05,4.93,0.08,2013-06-25,NORMAL
V2.0,V1.1,FPT,104,HIGH,2013-08-19,5.45,2013-08-27,5.08,0.064,2013-08-05,LOW_VOL
V2.0,V1.1,FPT,105,LOW,2013-08-28,4.83,2013-11-15,5.45,0.10400000000000001,2013-08-27,HIGH_VOL
V2.0,V1.1,FPT,106,HIGH,2013-11-21,5.72,2013-12-30,5.35,0.064,2013-11-15,LOW_VOL
V2.0,V1.1,FPT,107,LOW,2013-12-12,5.31,2014-01-15,5.72,0.064,2013-12-30,LOW_VOL
V2.0,V1.1,FPT,108,HIGH,2014-03-19,8.36,2014-03-26,7.79,0.064,2014-01-15,LOW_VOL
V2.0,V1.1,FPT,109,LOW,2014-05-13,5.87,2014-05-20,6.5,0.10400000000000001,2014-03-26,HIGH_VOL
V2.0,V1.1,FPT,110,HIGH,2014-09-08,8.88,2014-09-22,7.91,0.10400000000000001,2014-05-20,HIGH_VOL
V2.0,V1.1,FPT,111,LOW,2014-12-17,6.69,2015-03-04,7.47,0.10400000000000001,2014-09-22,HIGH_VOL
V2.0,V1.1,FPT,112,HIGH,2015-03-05,7.62,2015-04-01,7.12,0.064,2015-03-04,LOW_VOL
V2.0,V1.1,FPT,113,LOW,2015-04-01,7.12,2015-04-17,7.62,0.064,2015-04-01,LOW_VOL
V2.0,V1.1,FPT,114,HIGH,2015-04-27,7.84,2015-05-15,7.33,0.064,2015-04-17,LOW_VOL
V2.0,V1.1,FPT,115,LOW,2015-05-13,7.27,2015-05-25,8.06,0.08,2015-05-15,NORMAL
V2.0,V1.1,FPT,116,HIGH,2015-07-27,8.67,2015-08-24,7.59,0.08,2015-05-25,NORMAL
V2.0,V1.1,FPT,117,LOW,2015-08-25,7.51,2015-10-14,8.35,0.10400000000000001,2015-08-24,HIGH_VOL
V2.0,V1.1,FPT,118,HIGH,2015-11-16,9.84,2015-11-23,8.86,0.08,2015-10-14,NORMAL
V2.0,V1.1,FPT,119,LOW,2016-01-18,7.92,2016-03-04,8.77,0.10400000000000001,2015-11-23,HIGH_VOL
V2.0,V1.1,FPT,120,HIGH,2016-06-21,9.2,2016-06-24,8.6,0.064,2016-03-04,LOW_VOL
V2.0,V1.1,FPT,121,LOW,2016-06-24,8.22,2016-07-04,8.93,0.08,2016-06-24,NORMAL
V2.0,V1.1,FPT,122,HIGH,2016-07-08,9.33,2016-08-02,8.53,0.08,2016-07-04,NORMAL
V2.0,V1.1,FPT,123,LOW,2016-08-05,8.45,2016-08-25,9.13,0.08,2016-08-02,NORMAL
V2.0,V1.1,FPT,124,HIGH,2016-09-28,10.44,2016-10-10,9.38,0.08,2016-08-25,NORMAL
V2.0,V1.1,FPT,125,LOW,2016-11-09,8.85,2017-01-10,9.9,0.10400000000000001,2016-10-10,HIGH_VOL
V2.0,V1.1,FPT,126,HIGH,2017-03-24,10.55,2017-04-17,9.84,0.064,2017-01-10,LOW_VOL
V2.0,V1.1,FPT,127,LOW,2017-04-18,9.76,2017-05-30,10.86,0.10400000000000001,2017-04-17,HIGH_VOL
V2.0,V1.1,FPT,128,HIGH,2017-11-30,15.48,2017-12-11,13.8,0.08,2017-05-30,NORMAL
V2.0,V1.1,FPT,129,LOW,2017-12-12,13.1,2017-12-15,14.57,0.10400000000000001,2017-12-11,HIGH_VOL
V2.0,V1.1,FPT,130,HIGH,2018-01-31,16.9,2018-02-05,14.73,0.10400000000000001,2017-12-15,HIGH_VOL
V2.0,V1.1,FPT,131,LOW,2018-02-09,13.54,2018-02-13,15.22,0.10400000000000001,2018-02-05,HIGH_VOL
V2.0,V1.1,FPT,132,HIGH,2018-04-11,16.87,2018-04-23,14.96,0.10400000000000001,2018-02-13,HIGH_VOL
V2.0,V1.1,FPT,133,LOW,2018-04-27,14.16,2018-05-14,15.89,0.10400000000000001,2018-04-23,HIGH_VOL
V2.0,V1.1,FPT,134,HIGH,2018-05-21,16.1,2018-05-28,13.85,0.10400000000000001,2018-05-14,HIGH_VOL
V2.0,V1.1,FPT,135,LOW,2018-07-04,11.72,2018-07-18,13.06,0.10400000000000001,2018-05-28,HIGH_VOL
V2.0,V1.1,FPT,136,HIGH,2018-09-26,14.58,2018-10-24,13.02,0.10400000000000001,2018-07-18,HIGH_VOL
V2.0,V1.1,FPT,137,LOW,2018-10-25,12.46,2018-11-02,13.36,0.064,2018-10-24,LOW_VOL
V2.0,V1.1,FPT,138,HIGH,2018-12-04,14.17,2018-12-25,12.92,0.08,2018-11-02,NORMAL
V2.0,V1.1,FPT,139,LOW,2019-01-04,12.61,2019-01-30,13.45,0.064,2018-12-25,LOW_VOL
V2.0,V1.1,FPT,140,HIGH,2019-09-30,21.2,2019-10-07,19.78,0.064,2019-01-30,LOW_VOL
V2.0,V1.1,FPT,141,LOW,2019-10-08,19.67,2019-11-12,21.74,0.10400000000000001,2019-10-07,HIGH_VOL
V2.0,V1.1,FPT,142,HIGH,2019-11-12,21.84,2019-11-21,19.95,0.08,2019-11-12,NORMAL
V2.0,V1.1,FPT,143,LOW,2020-02-03,17.46,2020-02-12,19.28,0.10400000000000001,2019-11-21,HIGH_VOL
V2.0,V1.1,FPT,144,HIGH,2020-03-03,20.31,2020-03-09,17.92,0.10400000000000001,2020-02-12,HIGH_VOL
V2.0,V1.1,FPT,145,LOW,2020-03-30,14.29,2020-04-03,15.89,0.10400000000000001,2020-03-09,HIGH_VOL
V2.0,V1.1,FPT,146,HIGH,2020-06-08,20.87,2020-07-27,18.24,0.10400000000000001,2020-04-03,HIGH_VOL
V2.0,V1.1,FPT,147,LOW,2020-07-27,18.2,2020-08-07,19.66,0.08,2020-07-27,NORMAL
V2.0,V1.1,FPT,148,HIGH,2021-01-13,28.74,2021-01-19,26.43,0.08,2020-08-07,NORMAL
V2.0,V1.1,FPT,149,LOW,2021-01-20,25.67,2021-01-22,28.52,0.10400000000000001,2021-01-19,HIGH_VOL
V2.0,V1.1,FPT,150,HIGH,2021-01-25,29.08,2021-01-28,24.99,0.10400000000000001,2021-01-22,HIGH_VOL
V2.0,V1.1,FPT,151,LOW,2021-01-28,24.99,2021-02-02,28.14,0.10400000000000001,2021-01-28,HIGH_VOL
V2.0,V1.1,FPT,152,HIGH,2021-07-05,47.06,2021-07-19,41.96,0.10400000000000001,2021-02-02,HIGH_VOL
V2.0,V1.1,FPT,153,LOW,2021-07-12,41.41,2021-07-26,46.42,0.10400000000000001,2021-07-19,HIGH_VOL
V2.0,V1.1,FPT,154,HIGH,2021-11-25,50.97,2022-01-11,44.81,0.10400000000000001,2021-07-26,HIGH_VOL
V2.0,V1.1,FPT,155,LOW,2022-01-25,42.05,2022-01-28,44.81,0.064,2022-01-11,LOW_VOL
V2.0,V1.1,FPT,156,HIGH,2022-04-14,59.53,2022-04-25,51.77,0.08,2022-01-28,NORMAL
V2.0,V1.1,FPT,157,LOW,2022-05-10,46.06,2022-05-11,51.02,0.10400000000000001,2022-04-25,HIGH_VOL
V2.0,V1.1,FPT,158,HIGH,2022-06-08,58.88,2022-06-13,52.26,0.10400000000000001,2022-05-11,HIGH_VOL
V2.0,V1.1,FPT,159,LOW,2022-11-16,37.6,2022-11-17,43.55,0.10400000000000001,2022-06-13,HIGH_VOL
V2.0,V1.1,FPT,160,HIGH,2023-09-07,72.77,2023-10-26,62.66,0.10400000000000001,2022-11-17,HIGH_VOL
V2.0,V1.1,FPT,161,LOW,2023-11-01,59.63,2023-11-08,66.85,0.10400000000000001,2023-10-26,HIGH_VOL
V2.0,V1.1,FPT,162,HIGH,2024-07-05,116.77,2024-07-22,103.73,0.10400000000000001,2023-11-08,HIGH_VOL
V2.0,V1.1,FPT,163,LOW,2024-08-05,98.13,2024-08-12,108.66,0.10400000000000001,2024-07-22,HIGH_VOL
V2.0,V1.1,FPT,164,HIGH,2024-10-11,119.36,2024-11-19,108.66,0.08,2024-08-12,NORMAL
V2.0,V1.1,FPT,165,LOW,2024-11-20,105.91,2024-11-27,116.1,0.08,2024-11-19,NORMAL
V2.0,V1.1,FPT,166,HIGH,2025-01-23,131.31,2025-02-10,119.52,0.08,2024-11-27,NORMAL
V2.0,V1.1,FPT,167,LOW,2025-04-09,82.32,2025-04-10,94.78,0.08,2025-02-10,NORMAL
V2.0,V1.1,FPT,168,HIGH,2025-07-23,110.12,2025-08-18,98.11,0.10400000000000001,2025-04-10,HIGH_VOL
V2.0,V1.1,FPT,169,LOW,2025-10-20,84.93,2025-10-22,94.7,0.10400000000000001,2025-08-18,HIGH_VOL
V2.0,V1.1,FPT,170,HIGH,2025-11-03,103.78,2025-12-12,92.43,0.10400000000000001,2025-10-22,HIGH_VOL
V2.0,V1.1,FPT,171,LOW,2025-12-26,89.76,2026-01-12,98.15,0.08,2025-12-12,NORMAL
V2.0,V1.1,FPT,172,HIGH,2026-01-19,107.22,2026-01-26,97.16,0.08,2026-01-12,NORMAL
V2.0,V1.1,FPT,173,LOW,2026-03-23,70.63,2026-04-08,78.03,0.10400000000000001,2026-01-26,HIGH_VOL
V2.0,V1.1,FPT,174,HIGH,2026-04-09,78.12,2026-05-08,70.92,0.08,2026-04-08,NORMAL
V2.0,V1.1,FPT,175,LOW,2026-05-11,69.05,2026-05-20,76.64,0.08,2026-05-08,NORMAL
V2.0,V1.1,FPT,176,HIGH,2026-05-20,77.43,2026-05-28,71.2,0.08,2026-05-20,NORMAL
V2.0,V1.1,FPT,177,LOW,2026-07-28,61.5,2026-08-03,71.7,0.10400000000000001,2026-05-28,HIGH_VOL
V2.0,V1.1,HPG,1,LOW,2007-11-15,1.53,2007-11-16,1.7,0.08,,BOOTSTRAP
V2.0,V1.1,HPG,2,HIGH,2007-11-16,1.7,2007-11-20,1.55,0.08,2007-11-16,NORMAL
V2.0,V1.1,HPG,3,LOW,2007-11-21,1.48,2007-11-22,1.6,0.08,2007-11-20,NORMAL
V2.0,V1.1,HPG,4,HIGH,2007-11-22,1.6,2007-12-05,1.46,0.08,2007-11-22,NORMAL
V2.0,V1.1,HPG,5,LOW,2007-12-12,1.25,2007-12-19,1.38,0.08,2007-12-05,NORMAL
V2.0,V1.1,HPG,6,HIGH,2008-01-11,1.55,2008-01-17,1.42,0.08,2007-12-19,NORMAL
V2.0,V1.1,HPG,7,LOW,2008-01-23,1.32,2008-02-01,1.44,0.08,2008-01-17,NORMAL
V2.0,V1.1,HPG,8,HIGH,2008-02-12,1.45,2008-02-18,1.32,0.08,2008-02-01,NORMAL
V2.0,V1.1,HPG,9,LOW,2008-03-05,0.99,2008-03-07,1.1,0.08,2008-02-18,NORMAL
V2.0,V1.1,HPG,10,HIGH,2008-03-12,1.2,2008-03-17,1.1,0.08,2008-03-07,NORMAL
V2.0,V1.1,HPG,11,LOW,2008-03-26,0.86,2008-03-31,0.95,0.10400000000000001,2008-03-17,HIGH_VOL
V2.0,V1.1,HPG,12,HIGH,2008-04-08,1.0,2008-04-24,0.88,0.10400000000000001,2008-03-31,HIGH_VOL
V2.0,V1.1,HPG,13,LOW,2008-06-12,0.61,2008-06-16,0.66,0.064,2008-04-24,LOW_VOL
V2.0,V1.1,HPG,14,HIGH,2008-06-18,0.68,2008-06-20,0.62,0.064,2008-06-16,LOW_VOL
V2.0,V1.1,HPG,15,LOW,2008-06-20,0.62,2008-06-25,0.68,0.08,2008-06-20,NORMAL
V2.0,V1.1,HPG,16,HIGH,2008-07-18,1.07,2008-07-23,0.98,0.08,2008-06-25,NORMAL
V2.0,V1.1,HPG,17,LOW,2008-07-24,0.95,2008-07-29,1.04,0.08,2008-07-23,NORMAL
V2.0,V1.1,HPG,18,HIGH,2008-08-26,1.57,2008-08-27,1.41,0.08,2008-07-29,NORMAL
V2.0,V1.1,HPG,19,LOW,2008-09-18,1.06,2008-09-23,1.18,0.10400000000000001,2008-08-27,HIGH_VOL
V2.0,V1.1,HPG,20,HIGH,2008-09-26,1.25,2008-10-01,1.09,0.10400000000000001,2008-09-23,HIGH_VOL
V2.0,V1.1,HPG,21,LOW,2008-10-31,0.61,2008-11-04,0.69,0.10400000000000001,2008-10-01,HIGH_VOL
V2.0,V1.1,HPG,22,HIGH,2008-11-06,0.75,2008-11-12,0.65,0.10400000000000001,2008-11-04,HIGH_VOL
V2.0,V1.1,HPG,23,LOW,2008-12-08,0.56,2008-12-15,0.64,0.10400000000000001,2008-11-12,HIGH_VOL
V2.0,V1.1,HPG,24,HIGH,2008-12-31,0.68,2009-02-03,0.62,0.08,2008-12-15,NORMAL
V2.0,V1.1,HPG,25,LOW,2009-02-05,0.57,2009-02-09,0.61,0.064,2009-02-03,LOW_VOL
V2.0,V1.1,HPG,26,HIGH,2009-02-10,0.64,2009-02-17,0.58,0.08,2009-02-09,NORMAL
V2.0,V1.1,HPG,27,LOW,2009-02-24,0.51,2009-03-11,0.57,0.08,2009-02-17,NORMAL
V2.0,V1.1,HPG,28,HIGH,2009-03-18,0.62,2009-03-23,0.57,0.08,2009-03-11,NORMAL
V2.0,V1.1,HPG,29,LOW,2009-03-23,0.56,2009-03-25,0.63,0.08,2009-03-23,NORMAL
V2.0,V1.1,HPG,30,HIGH,2009-04-08,0.81,2009-04-09,0.74,0.08,2009-03-25,NORMAL
V2.0,V1.1,HPG,31,LOW,2009-04-09,0.73,2009-04-13,0.82,0.10400000000000001,2009-04-09,HIGH_VOL
V2.0,V1.1,HPG,32,HIGH,2009-04-15,0.89,2009-04-20,0.8,0.08,2009-04-13,NORMAL
V2.0,V1.1,HPG,33,LOW,2009-04-21,0.76,2009-04-22,0.88,0.10400000000000001,2009-04-20,HIGH_VOL
V2.0,V1.1,HPG,34,HIGH,2009-06-12,1.37,2009-06-16,1.17,0.10400000000000001,2009-04-22,HIGH_VOL
V2.0,V1.1,HPG,35,LOW,2009-06-17,1.14,2009-06-18,1.24,0.08,2009-06-16,NORMAL
V2.0,V1.1,HPG,36,HIGH,2009-06-19,1.27,2009-06-23,1.13,0.08,2009-06-18,NORMAL
V2.0,V1.1,HPG,37,LOW,2009-07-01,1.11,2009-07-06,1.24,0.10400000000000001,2009-06-23,HIGH_VOL
V2.0,V1.1,HPG,38,HIGH,2009-07-07,1.25,2009-07-14,1.15,0.08,2009-07-06,NORMAL
V2.0,V1.1,HPG,39,LOW,2009-07-14,1.13,2009-07-23,1.23,0.08,2009-07-14,NORMAL
V2.0,V1.1,HPG,40,HIGH,2009-07-27,1.33,2009-07-30,1.23,0.064,2009-07-23,LOW_VOL
V2.0,V1.1,HPG,41,LOW,2009-07-30,1.2,2009-08-05,1.31,0.08,2009-07-30,NORMAL
V2.0,V1.1,HPG,42,HIGH,2009-08-21,1.55,2009-09-04,1.45,0.064,2009-08-05,LOW_VOL
V2.0,V1.1,HPG,43,LOW,2009-09-07,1.4,2009-09-08,1.5,0.064,2009-09-04,LOW_VOL
V2.0,V1.1,HPG,44,HIGH,2009-09-23,1.62,2009-10-01,1.5,0.064,2009-09-08,LOW_VOL
V2.0,V1.1,HPG,45,LOW,2009-10-02,1.43,2009-10-09,1.54,0.064,2009-10-01,LOW_VOL
V2.0,V1.1,HPG,46,HIGH,2009-10-26,1.84,2009-10-28,1.71,0.064,2009-10-09,LOW_VOL
V2.0,V1.1,HPG,47,LOW,2009-11-11,1.34,2009-11-12,1.48,0.08,2009-10-28,NORMAL
V2.0,V1.1,HPG,48,HIGH,2009-11-19,1.58,2009-11-25,1.37,0.10400000000000001,2009-11-12,HIGH_VOL
V2.0,V1.1,HPG,49,LOW,2009-11-27,1.24,2009-12-01,1.4,0.10400000000000001,2009-11-25,HIGH_VOL
V2.0,V1.1,HPG,50,HIGH,2009-12-01,1.42,2009-12-09,1.24,0.10400000000000001,2009-12-01,HIGH_VOL
V2.0,V1.1,HPG,51,LOW,2009-12-17,1.1,2009-12-22,1.23,0.10400000000000001,2009-12-09,HIGH_VOL
V2.0,V1.1,HPG,52,HIGH,2010-01-08,1.52,2010-01-12,1.34,0.10400000000000001,2009-12-22,HIGH_VOL
V2.0,V1.1,HPG,53,LOW,2010-01-22,1.25,2010-01-26,1.35,0.08,2010-01-12,NORMAL
V2.0,V1.1,HPG,54,HIGH,2010-03-11,1.53,2010-03-25,1.38,0.08,2010-01-26,NORMAL
V2.0,V1.1,HPG,55,LOW,2010-03-31,1.36,2010-04-05,1.46,0.064,2010-03-25,LOW_VOL
V2.0,V1.1,HPG,56,HIGH,2010-04-28,1.6,2010-05-07,1.48,0.064,2010-04-05,LOW_VOL
V2.0,V1.1,HPG,57,LOW,2010-08-13,1.06,2010-08-16,1.17,0.064,2010-05-07,LOW_VOL
V2.0,V1.1,HPG,58,HIGH,2010-09-06,1.37,2010-09-07,1.26,0.08,2010-08-16,NORMAL
V2.0,V1.1,HPG,59,LOW,2010-11-18,1.16,2010-11-29,1.31,0.10400000000000001,2010-09-07,HIGH_VOL
V2.0,V1.1,HPG,60,HIGH,2010-12-03,1.34,2010-12-08,1.23,0.08,2010-11-29,NORMAL
V2.0,V1.1,HPG,61,LOW,2010-12-09,1.22,2010-12-13,1.36,0.10400000000000001,2010-12-08,HIGH_VOL
V2.0,V1.1,HPG,62,HIGH,2010-12-13,1.37,2011-02-21,1.19,0.10400000000000001,2010-12-13,HIGH_VOL
V2.0,V1.1,HPG,63,LOW,2011-03-03,0.99,2011-03-09,1.07,0.08,2011-02-21,NORMAL
V2.0,V1.1,HPG,64,HIGH,2011-03-24,1.25,2011-05-20,1.11,0.10400000000000001,2011-03-09,HIGH_VOL
V2.0,V1.1,HPG,65,LOW,2011-05-26,0.94,2011-05-27,1.08,0.08,2011-05-20,NORMAL
V2.0,V1.1,HPG,66,HIGH,2011-06-02,1.21,2011-06-20,1.08,0.10400000000000001,2011-05-27,HIGH_VOL
V2.0,V1.1,HPG,67,LOW,2011-08-11,0.92,2011-09-05,1.02,0.10400000000000001,2011-06-20,HIGH_VOL
V2.0,V1.1,HPG,68,HIGH,2011-09-09,1.08,2011-09-15,0.98,0.08,2011-09-05,NORMAL
V2.0,V1.1,HPG,69,LOW,2011-11-22,0.63,2011-11-24,0.7,0.10400000000000001,2011-09-15,HIGH_VOL
V2.0,V1.1,HPG,70,HIGH,2011-12-06,0.73,2011-12-13,0.65,0.10400000000000001,2011-11-24,HIGH_VOL
V2.0,V1.1,HPG,71,LOW,2012-01-09,0.52,2012-01-16,0.58,0.10400000000000001,2011-12-13,HIGH_VOL
V2.0,V1.1,HPG,72,HIGH,2012-02-09,0.8,2012-02-13,0.71,0.10400000000000001,2012-01-16,HIGH_VOL
V2.0,V1.1,HPG,73,LOW,2012-02-14,0.7,2012-02-23,0.81,0.10400000000000001,2012-02-13,HIGH_VOL
V2.0,V1.1,HPG,74,HIGH,2012-03-06,0.98,2012-03-08,0.87,0.10400000000000001,2012-02-23,HIGH_VOL
V2.0,V1.1,HPG,75,LOW,2012-03-14,0.81,2012-04-11,0.94,0.10400000000000001,2012-03-08,HIGH_VOL
V2.0,V1.1,HPG,76,HIGH,2012-04-17,1.03,2012-04-23,0.94,0.08,2012-04-11,NORMAL
V2.0,V1.1,HPG,77,LOW,2012-04-20,0.94,2012-05-08,1.02,0.08,2012-04-23,NORMAL
V2.0,V1.1,HPG,78,HIGH,2012-05-11,1.05,2012-05-15,0.94,0.08,2012-05-08,NORMAL
V2.0,V1.1,HPG,79,LOW,2012-06-04,0.87,2012-06-15,0.94,0.08,2012-05-15,NORMAL
V2.0,V1.1,HPG,80,HIGH,2012-06-18,0.96,2012-07-03,0.89,0.064,2012-06-15,LOW_VOL
V2.0,V1.1,HPG,81,LOW,2012-08-24,0.72,2012-08-29,0.79,0.064,2012-07-03,LOW_VOL
V2.0,V1.1,HPG,82,HIGH,2012-09-04,0.83,2012-09-11,0.74,0.08,2012-08-29,NORMAL
V2.0,V1.1,HPG,83,LOW,2012-09-12,0.73,2012-09-14,0.81,0.10400000000000001,2012-09-11,HIGH_VOL
V2.0,V1.1,HPG,84,HIGH,2012-09-18,0.89,2012-09-20,0.79,0.10400000000000001,2012-09-14,HIGH_VOL
V2.0,V1.1,HPG,85,LOW,2012-09-28,0.73,2012-10-04,0.81,0.10400000000000001,2012-09-20,HIGH_VOL
V2.0,V1.1,HPG,86,HIGH,2012-10-26,0.93,2012-11-02,0.83,0.10400000000000001,2012-10-04,HIGH_VOL
V2.0,V1.1,HPG,87,LOW,2012-11-05,0.81,2012-11-08,0.88,0.08,2012-11-02,NORMAL
V2.0,V1.1,HPG,88,HIGH,2013-01-16,1.16,2013-01-21,1.05,0.08,2012-11-08,NORMAL
V2.0,V1.1,HPG,89,LOW,2013-01-22,1.01,2013-01-25,1.13,0.10400000000000001,2013-01-21,HIGH_VOL
V2.0,V1.1,HPG,90,HIGH,2013-02-21,1.28,2013-02-26,1.13,0.08,2013-01-25,NORMAL
V2.0,V1.1,HPG,91,LOW,2013-03-05,1.02,2013-03-08,1.13,0.10400000000000001,2013-02-26,HIGH_VOL
V2.0,V1.1,HPG,92,HIGH,2013-04-02,1.39,2013-04-18,1.24,0.10400000000000001,2013-03-08,HIGH_VOL
V2.0,V1.1,HPG,93,LOW,2013-04-16,1.23,2013-05-06,1.37,0.10400000000000001,2013-04-18,HIGH_VOL
V2.0,V1.1,HPG,94,HIGH,2013-05-31,1.58,2013-06-12,1.45,0.064,2013-05-06,LOW_VOL
V2.0,V1.1,HPG,95,LOW,2013-06-25,1.26,2013-06-27,1.35,0.064,2013-06-12,LOW_VOL
V2.0,V1.1,HPG,96,HIGH,2013-08-19,1.57,2013-08-28,1.46,0.064,2013-06-27,LOW_VOL
V2.0,V1.1,HPG,97,LOW,2013-08-29,1.43,2013-09-06,1.54,0.064,2013-08-28,LOW_VOL
V2.0,V1.1,HPG,98,HIGH,2013-11-27,2.0,2013-12-13,1.87,0.064,2013-09-06,LOW_VOL
V2.0,V1.1,HPG,99,LOW,2013-12-16,1.86,2013-12-26,1.99,0.064,2013-12-13,LOW_VOL
V2.0,V1.1,HPG,100,HIGH,2014-01-20,2.65,2014-01-22,2.48,0.064,2013-12-26,LOW_VOL
V2.0,V1.1,HPG,101,LOW,2014-01-27,2.21,2014-02-25,2.55,0.10400000000000001,2014-01-22,HIGH_VOL
V2.0,V1.1,HPG,102,HIGH,2014-04-25,2.88,2014-05-08,2.55,0.10400000000000001,2014-02-25,HIGH_VOL
V2.0,V1.1,HPG,103,LOW,2014-05-09,2.5,2014-05-19,2.85,0.10400000000000001,2014-05-08,HIGH_VOL
V2.0,V1.1,HPG,104,HIGH,2014-09-04,3.59,2014-10-16,3.07,0.10400000000000001,2014-05-19,HIGH_VOL
V2.0,V1.1,HPG,105,LOW,2014-10-17,2.99,2014-10-22,3.25,0.08,2014-10-16,NORMAL
V2.0,V1.1,HPG,106,HIGH,2014-11-11,3.36,2014-12-09,3.01,0.08,2014-10-22,NORMAL
V2.0,V1.1,HPG,107,LOW,2014-12-17,2.69,2014-12-22,2.99,0.08,2014-12-09,NORMAL
V2.0,V1.1,HPG,108,HIGH,2015-01-12,3.19,2015-01-30,2.77,0.10400000000000001,2014-12-22,HIGH_VOL
V2.0,V1.1,HPG,109,LOW,2015-02-05,2.55,2015-02-11,2.81,0.08,2015-01-30,NORMAL
V2.0,V1.1,HPG,110,HIGH,2015-02-13,2.88,2015-03-19,2.55,0.10400000000000001,2015-02-11,HIGH_VOL
V2.0,V1.1,HPG,111,LOW,2015-05-19,2.19,2015-05-20,2.38,0.064,2015-03-19,LOW_VOL
V2.0,V1.1,HPG,112,HIGH,2015-07-27,3.2,2015-08-17,2.82,0.10400000000000001,2015-05-20,HIGH_VOL
V2.0,V1.1,HPG,113,LOW,2015-08-25,2.46,2015-08-26,2.8,0.10400000000000001,2015-08-17,HIGH_VOL
V2.0,V1.1,HPG,114,HIGH,2015-10-15,2.96,2015-11-16,2.63,0.10400000000000001,2015-08-26,HIGH_VOL
V2.0,V1.1,HPG,115,LOW,2015-11-16,2.63,2015-11-26,2.82,0.064,2015-11-16,LOW_VOL
V2.0,V1.1,HPG,116,HIGH,2015-11-27,2.86,2015-12-07,2.66,0.064,2015-11-26,LOW_VOL
V2.0,V1.1,HPG,117,LOW,2016-01-18,2.13,2016-01-21,2.27,0.064,2015-12-07,LOW_VOL
V2.0,V1.1,HPG,118,HIGH,2016-05-05,3.28,2016-05-10,2.98,0.08,2016-01-21,NORMAL
V2.0,V1.1,HPG,119,LOW,2016-05-16,2.93,2016-06-03,3.17,0.08,2016-05-10,NORMAL
V2.0,V1.1,HPG,120,HIGH,2016-07-08,3.84,2016-07-14,3.58,0.064,2016-06-03,LOW_VOL
V2.0,V1.1,HPG,121,LOW,2016-07-22,3.47,2016-07-27,3.84,0.10400000000000001,2016-07-14,HIGH_VOL
V2.0,V1.1,HPG,122,HIGH,2016-09-28,4.96,2016-10-07,4.34,0.10400000000000001,2016-07-27,HIGH_VOL
V2.0,V1.1,HPG,123,LOW,2016-11-03,4.1,2016-12-23,4.53,0.10400000000000001,2016-10-07,HIGH_VOL
V2.0,V1.1,HPG,124,HIGH,2017-01-04,4.7,2017-01-18,4.39,0.064,2016-12-23,LOW_VOL
V2.0,V1.1,HPG,125,LOW,2017-01-19,4.36,2017-02-06,4.66,0.064,2017-01-18,LOW_VOL
V2.0,V1.1,HPG,126,HIGH,2017-02-14,4.8,2017-02-20,4.43,0.064,2017-02-06,LOW_VOL
V2.0,V1.1,HPG,127,LOW,2017-03-01,4.16,2017-03-02,4.43,0.064,2017-02-20,LOW_VOL
V2.0,V1.1,HPG,128,HIGH,2017-04-04,5.27,2017-04-17,4.83,0.08,2017-03-02,NORMAL
V2.0,V1.1,HPG,129,LOW,2017-05-19,4.5,2017-06-07,4.97,0.08,2017-04-17,NORMAL
V2.0,V1.1,HPG,130,HIGH,2017-07-14,5.83,2017-07-18,5.42,0.064,2017-06-07,LOW_VOL
V2.0,V1.1,HPG,131,LOW,2017-07-20,5.21,2017-08-14,5.75,0.08,2017-07-18,NORMAL
V2.0,V1.1,HPG,132,HIGH,2017-10-12,6.77,2017-10-23,6.28,0.064,2017-08-14,LOW_VOL
V2.0,V1.1,HPG,133,LOW,2017-11-02,5.89,2017-11-15,6.56,0.08,2017-10-23,NORMAL
V2.0,V1.1,HPG,134,HIGH,2018-01-25,11.0,2018-02-05,9.64,0.10400000000000001,2017-11-15,HIGH_VOL
V2.0,V1.1,HPG,135,LOW,2018-02-06,8.98,2018-02-07,10.07,0.10400000000000001,2018-02-05,HIGH_VOL
V2.0,V1.1,HPG,136,HIGH,2018-03-01,11.47,2018-03-15,10.25,0.10400000000000001,2018-02-07,HIGH_VOL
V2.0,V1.1,HPG,137,LOW,2018-05-28,8.24,2018-05-31,9.49,0.10400000000000001,2018-03-15,HIGH_VOL
V2.0,V1.1,HPG,138,HIGH,2018-06-07,10.56,2018-06-19,9.08,0.10400000000000001,2018-05-31,HIGH_VOL
V2.0,V1.1,HPG,139,LOW,2018-06-19,8.88,2018-06-25,9.83,0.10400000000000001,2018-06-19,HIGH_VOL
V2.0,V1.1,HPG,140,HIGH,2018-06-25,9.98,2018-07-03,8.6,0.10400000000000001,2018-06-25,HIGH_VOL
V2.0,V1.1,HPG,141,LOW,2018-07-12,7.86,2018-07-18,8.81,0.10400000000000001,2018-07-03,HIGH_VOL
V2.0,V1.1,HPG,142,HIGH,2018-10-01,10.17,2018-11-09,8.9,0.10400000000000001,2018-07-18,HIGH_VOL
V2.0,V1.1,HPG,143,LOW,2018-12-25,6.86,2018-12-27,7.33,0.064,2018-11-09,LOW_VOL
V2.0,V1.1,HPG,144,HIGH,2019-01-02,7.45,2019-01-08,6.83,0.08,2018-12-27,NORMAL
V2.0,V1.1,HPG,145,LOW,2019-02-01,6.39,2019-02-12,6.99,0.08,2019-01-08,NORMAL
V2.0,V1.1,HPG,146,HIGH,2019-03-05,8.43,2019-03-15,7.55,0.08,2019-02-12,NORMAL
V2.0,V1.1,HPG,147,LOW,2019-03-18,7.24,2019-04-24,7.9,0.08,2019-03-15,NORMAL
V2.0,V1.1,HPG,148,HIGH,2019-05-03,8.15,2019-05-13,7.59,0.064,2019-04-24,LOW_VOL
V2.0,V1.1,HPG,149,LOW,2019-06-06,6.88,2019-06-19,7.34,0.064,2019-05-13,LOW_VOL
V2.0,V1.1,HPG,150,HIGH,2019-06-20,7.42,2019-07-03,6.82,0.08,2019-06-19,NORMAL
V2.0,V1.1,HPG,151,LOW,2019-07-22,6.25,2019-07-25,6.9,0.08,2019-07-03,NORMAL
V2.0,V1.1,HPG,152,HIGH,2019-08-13,7.36,2019-09-03,6.67,0.08,2019-07-25,NORMAL
V2.0,V1.1,HPG,153,LOW,2019-09-10,6.5,2019-09-18,7.08,0.08,2019-09-03,NORMAL
V2.0,V1.1,HPG,154,HIGH,2019-09-18,7.1,2019-10-03,6.63,0.064,2019-09-18,LOW_VOL
V2.0,V1.1,HPG,155,LOW,2019-10-07,6.53,2019-11-07,6.99,0.064,2019-10-03,LOW_VOL
V2.0,V1.1,HPG,156,HIGH,2019-12-10,7.56,2019-12-18,6.94,0.064,2019-11-07,LOW_VOL
V2.0,V1.1,HPG,157,LOW,2019-12-18,6.93,2020-01-14,7.7,0.08,2019-12-18,NORMAL
V2.0,V1.1,HPG,158,HIGH,2020-01-22,8.13,2020-01-31,7.42,0.08,2020-01-14,NORMAL
V2.0,V1.1,HPG,159,LOW,2020-02-03,6.99,2020-02-06,7.76,0.10400000000000001,2020-01-31,HIGH_VOL
V2.0,V1.1,HPG,160,HIGH,2020-02-07,7.79,2020-02-28,6.88,0.10400000000000001,2020-02-06,HIGH_VOL
V2.0,V1.1,HPG,161,LOW,2020-03-30,4.7,2020-03-31,5.19,0.10400000000000001,2020-02-28,HIGH_VOL
V2.0,V1.1,HPG,162,HIGH,2020-05-27,8.81,2020-06-11,7.85,0.10400000000000001,2020-03-31,HIGH_VOL
V2.0,V1.1,HPG,163,LOW,2020-06-12,7.54,2020-06-19,8.42,0.10400000000000001,2020-06-11,HIGH_VOL
V2.0,V1.1,HPG,164,HIGH,2021-01-13,17.1,2021-01-27,15.17,0.10400000000000001,2020-06-19,HIGH_VOL
V2.0,V1.1,HPG,165,LOW,2021-01-29,13.92,2021-02-03,15.81,0.10400000000000001,2021-01-27,HIGH_VOL
V2.0,V1.1,HPG,166,HIGH,2021-06-01,28.82,2021-06-08,25.59,0.10400000000000001,2021-02-03,HIGH_VOL
V2.0,V1.1,HPG,167,LOW,2021-07-12,22.52,2021-08-05,24.98,0.10400000000000001,2021-06-08,HIGH_VOL
V2.0,V1.1,HPG,168,HIGH,2021-10-18,29.89,2021-11-16,26.62,0.10400000000000001,2021-08-05,HIGH_VOL
V2.0,V1.1,HPG,169,LOW,2022-01-25,20.58,2022-01-26,22.24,0.08,2021-11-16,NORMAL
V2.0,V1.1,HPG,170,HIGH,2022-03-07,26.87,2022-03-11,24.37,0.08,2022-01-26,NORMAL
V2.0,V1.1,HPG,171,LOW,2022-06-21,13.86,2022-06-27,15.49,0.10400000000000001,2022-03-11,HIGH_VOL
V2.0,V1.1,HPG,172,HIGH,2022-08-16,16.71,2022-09-28,14.74,0.10400000000000001,2022-06-27,HIGH_VOL
V2.0,V1.1,HPG,173,LOW,2022-10-07,11.53,2022-10-12,12.65,0.08,2022-09-28,NORMAL
V2.0,V1.1,HPG,174,HIGH,2022-10-14,13.46,2022-10-21,11.43,0.10400000000000001,2022-10-12,HIGH_VOL
V2.0,V1.1,HPG,175,LOW,2022-11-16,7.98,2022-11-17,9.64,0.10400000000000001,2022-10-21,HIGH_VOL
V2.0,V1.1,HPG,176,HIGH,2022-11-22,10.45,2022-11-23,9.33,0.10400000000000001,2022-11-17,HIGH_VOL
V2.0,V1.1,HPG,177,LOW,2022-11-24,9.2,2022-11-25,10.35,0.10400000000000001,2022-11-23,HIGH_VOL
V2.0,V1.1,HPG,178,HIGH,2022-12-05,13.8,2022-12-07,12.34,0.10400000000000001,2022-11-25,HIGH_VOL
V2.0,V1.1,HPG,179,LOW,2022-12-07,11.97,2022-12-16,13.8,0.10400000000000001,2022-12-07,HIGH_VOL
V2.0,V1.1,HPG,180,HIGH,2022-12-19,14.37,2022-12-20,12.85,0.10400000000000001,2022-12-16,HIGH_VOL
V2.0,V1.1,HPG,181,LOW,2022-12-26,11.57,2023-01-03,13.02,0.10400000000000001,2022-12-20,HIGH_VOL
V2.0,V1.1,HPG,182,HIGH,2023-02-01,15.32,2023-02-07,13.36,0.10400000000000001,2023-01-03,HIGH_VOL
V2.0,V1.1,HPG,183,LOW,2023-02-07,13.32,2023-02-16,14.41,0.08,2023-02-07,NORMAL
V2.0,V1.1,HPG,184,HIGH,2023-02-21,15.08,2023-02-27,13.59,0.08,2023-02-16,NORMAL
V2.0,V1.1,HPG,185,LOW,2023-03-01,13.39,2023-04-05,14.54,0.08,2023-02-27,NORMAL
V2.0,V1.1,HPG,186,HIGH,2023-04-06,14.81,2023-04-13,13.83,0.064,2023-04-05,LOW_VOL
V2.0,V1.1,HPG,187,LOW,2023-04-13,13.76,2023-04-26,14.88,0.064,2023-04-13,LOW_VOL
V2.0,V1.1,HPG,188,HIGH,2023-05-15,15.29,2023-05-26,14.27,0.064,2023-04-26,LOW_VOL
V2.0,V1.1,HPG,189,LOW,2023-05-26,14.1,2023-06-07,15.29,0.064,2023-05-26,LOW_VOL
V2.0,V1.1,HPG,190,HIGH,2023-07-27,19.41,2023-08-03,18.16,0.064,2023-06-07,LOW_VOL
V2.0,V1.1,HPG,191,LOW,2023-08-22,16.98,2023-08-28,18.16,0.064,2023-08-03,LOW_VOL
V2.0,V1.1,HPG,192,HIGH,2023-09-13,19.88,2023-09-25,17.58,0.08,2023-08-28,NORMAL
V2.0,V1.1,HPG,193,LOW,2023-10-04,16.23,2023-10-10,17.58,0.08,2023-09-25,NORMAL
V2.0,V1.1,HPG,194,HIGH,2023-10-12,17.79,2023-10-18,16.23,0.08,2023-10-10,NORMAL
V2.0,V1.1,HPG,195,LOW,2023-10-26,15.29,2023-11-02,17.08,0.08,2023-10-18,NORMAL
V2.0,V1.1,HPG,196,HIGH,2024-03-04,21.24,2024-04-15,19.28,0.08,2023-11-02,NORMAL
V2.0,V1.1,HPG,197,LOW,2024-04-23,18.57,2024-05-07,20.39,0.08,2024-04-15,NORMAL
V2.0,V1.1,HPG,198,HIGH,2024-06-14,22.28,2024-07-25,20.35,0.08,2024-05-07,NORMAL
V2.0,V1.1,HPG,199,LOW,2024-09-06,18.41,2024-09-30,19.6,0.064,2024-07-25,LOW_VOL
V2.0,V1.1,HPG,200,HIGH,2024-11-12,20.76,2024-11-15,19.27,0.064,2024-09-30,LOW_VOL
V2.0,V1.1,HPG,201,LOW,2024-11-20,18.79,2024-12-05,20.72,0.08,2024-11-15,NORMAL
V2.0,V1.1,HPG,202,HIGH,2024-12-10,20.98,2025-01-10,19.01,0.08,2024-12-05,NORMAL
V2.0,V1.1,HPG,203,LOW,2025-02-10,18.9,2025-02-24,20.61,0.064,2025-01-10,LOW_VOL
V2.0,V1.1,HPG,204,HIGH,2025-02-27,21.17,2025-04-03,18.86,0.064,2025-02-24,LOW_VOL
V2.0,V1.1,HPG,205,LOW,2025-04-09,15.85,2025-04-11,18.08,0.08,2025-04-03,NORMAL
V2.0,V1.1,HPG,206,HIGH,2025-08-12,25.98,2025-08-22,23.21,0.10400000000000001,2025-04-11,HIGH_VOL
V2.0,V1.1,HPG,207,LOW,2025-08-25,23.08,2025-09-04,26.65,0.10400000000000001,2025-08-22,HIGH_VOL
V2.0,V1.1,HPG,208,HIGH,2025-09-15,27.54,2025-10-20,23.26,0.10400000000000001,2025-09-04,HIGH_VOL
V2.0,V1.1,HPG,209,LOW,2026-01-06,22.63,2026-02-04,25.27,0.10400000000000001,2025-10-20,HIGH_VOL
V2.0,V1.1,HPG,210,HIGH,2026-02-25,26.52,2026-03-05,24.33,0.08,2026-02-04,NORMAL
V2.0,V1.1,HPG,211,LOW,2026-03-23,22.54,2026-04-08,25.0,0.10400000000000001,2026-03-05,HIGH_VOL
V2.0,V1.1,HPG,212,HIGH,2026-04-21,26.29,2026-05-15,24.14,0.08,2026-04-08,NORMAL
V2.0,V1.1,HPG,213,LOW,2026-07-28,20.1,2026-07-29,21.65,0.064,2026-05-15,LOW_VOL
V2.0,V1.1,MBB,1,HIGH,2011-11-01,1.33,2011-11-04,1.18,0.1,,BOOTSTRAP
V2.0,V1.1,MBB,2,LOW,2011-11-10,1.05,2011-11-22,1.18,0.1,2011-11-04,NORMAL
V2.0,V1.1,MBB,3,HIGH,2011-12-07,1.21,2011-12-27,1.06,0.1,2011-11-22,NORMAL
V2.0,V1.1,MBB,4,LOW,2011-12-28,1.05,2012-01-13,1.16,0.1,2011-12-27,NORMAL
V2.0,V1.1,MBB,5,HIGH,2012-03-06,1.85,2012-03-08,1.65,0.1,2012-01-13,NORMAL
V2.0,V1.1,MBB,6,LOW,2012-03-12,1.54,2012-03-21,1.75,0.13,2012-03-08,HIGH_VOL
V2.0,V1.1,MBB,7,HIGH,2012-03-21,1.79,2012-05-24,1.55,0.13,2012-03-21,HIGH_VOL
V2.0,V1.1,MBB,8,LOW,2012-07-10,1.42,2012-07-17,1.57,0.08000000000000002,2012-05-24,LOW_VOL
V2.0,V1.1,MBB,9,HIGH,2012-08-14,1.64,2012-08-23,1.46,0.08000000000000002,2012-07-17,LOW_VOL
V2.0,V1.1,MBB,10,LOW,2012-10-25,1.37,2013-01-02,1.56,0.1,2012-08-23,NORMAL
V2.0,V1.1,MBB,11,HIGH,2013-01-16,1.73,2013-02-26,1.58,0.08000000000000002,2013-01-02,LOW_VOL
V2.0,V1.1,MBB,12,LOW,2013-03-29,1.53,2013-10-08,1.69,0.1,2013-02-26,NORMAL
V2.0,V1.1,MBB,13,HIGH,2014-03-24,2.2,2014-04-15,1.94,0.1,2013-10-08,NORMAL
V2.0,V1.1,MBB,14,LOW,2014-05-12,1.64,2014-06-25,1.86,0.13,2014-04-15,HIGH_VOL
V2.0,V1.1,MBB,15,HIGH,2015-01-28,2.13,2015-02-03,1.88,0.1,2014-06-25,NORMAL
V2.0,V1.1,MBB,16,LOW,2015-05-18,1.82,2015-06-15,2.09,0.13,2015-02-03,HIGH_VOL
V2.0,V1.1,MBB,17,HIGH,2015-07-13,2.39,2015-08-24,1.96,0.13,2015-06-15,HIGH_VOL
V2.0,V1.1,MBB,18,LOW,2015-08-25,1.92,2015-09-08,2.18,0.13,2015-08-24,HIGH_VOL
V2.0,V1.1,MBB,19,HIGH,2015-10-06,2.34,2016-01-18,2.0,0.13,2015-09-08,HIGH_VOL
V2.0,V1.1,MBB,20,LOW,2016-01-18,1.97,2016-01-28,2.18,0.1,2016-01-18,NORMAL
V2.0,V1.1,MBB,21,HIGH,2016-02-22,2.36,2016-04-01,2.12,0.1,2016-01-28,NORMAL
V2.0,V1.1,MBB,22,LOW,2016-04-01,2.1,2016-04-29,2.27,0.08000000000000002,2016-04-01,LOW_VOL
V2.0,V1.1,MBB,23,HIGH,2016-05-20,2.39,2016-11-16,2.14,0.1,2016-04-29,NORMAL
V2.0,V1.1,MBB,24,LOW,2016-11-09,2.07,2017-02-15,2.29,0.1,2016-11-16,NORMAL
V2.0,V1.1,MBB,25,HIGH,2017-06-30,3.74,2017-07-21,3.34,0.1,2017-02-15,NORMAL
V2.0,V1.1,MBB,26,LOW,2017-07-18,3.29,2017-07-28,3.86,0.13,2017-07-21,HIGH_VOL
V2.0,V1.1,MBB,27,HIGH,2018-01-29,5.92,2018-02-05,5.12,0.13,2017-07-28,HIGH_VOL
V2.0,V1.1,MBB,28,LOW,2018-02-06,4.76,2018-02-12,5.45,0.13,2018-02-05,HIGH_VOL
V2.0,V1.1,MBB,29,HIGH,2018-04-04,6.61,2018-04-19,5.63,0.13,2018-02-12,HIGH_VOL
V2.0,V1.1,MBB,30,LOW,2018-05-02,4.94,2018-05-07,5.68,0.13,2018-04-19,HIGH_VOL
V2.0,V1.1,MBB,31,HIGH,2018-05-07,5.71,2018-05-28,4.64,0.13,2018-05-07,HIGH_VOL
V2.0,V1.1,MBB,32,LOW,2018-05-28,4.63,2018-06-04,5.37,0.13,2018-05-28,HIGH_VOL
V2.0,V1.1,MBB,33,HIGH,2018-06-07,5.54,2018-06-21,4.78,0.13,2018-06-04,HIGH_VOL
V2.0,V1.1,MBB,34,LOW,2018-07-05,3.98,2018-07-17,4.69,0.13,2018-06-21,HIGH_VOL
V2.0,V1.1,MBB,35,HIGH,2018-08-14,5.14,2018-10-11,4.46,0.13,2018-07-17,HIGH_VOL
V2.0,V1.1,MBB,36,LOW,2018-11-14,4.22,2018-12-03,4.65,0.08000000000000002,2018-10-11,LOW_VOL
V2.0,V1.1,MBB,37,HIGH,2018-12-07,4.81,2018-12-20,4.4,0.08000000000000002,2018-12-03,LOW_VOL
V2.0,V1.1,MBB,38,LOW,2019-01-04,3.79,2019-01-17,4.15,0.08000000000000002,2018-12-20,LOW_VOL
V2.0,V1.1,MBB,39,HIGH,2019-03-21,4.89,2019-06-03,4.39,0.08000000000000002,2019-01-17,LOW_VOL
V2.0,V1.1,MBB,40,LOW,2019-06-06,4.33,2019-07-16,4.69,0.08000000000000002,2019-06-03,LOW_VOL
V2.0,V1.1,MBB,41,HIGH,2019-11-06,5.57,2019-12-02,4.98,0.08000000000000002,2019-07-16,LOW_VOL
V2.0,V1.1,MBB,42,LOW,2020-02-03,4.54,2020-02-06,5.08,0.1,2019-12-02,NORMAL
V2.0,V1.1,MBB,43,HIGH,2020-02-17,5.17,2020-03-09,4.48,0.13,2020-02-06,HIGH_VOL
V2.0,V1.1,MBB,44,LOW,2020-03-31,3.06,2020-04-06,3.67,0.13,2020-03-09,HIGH_VOL
V2.0,V1.1,MBB,45,HIGH,2020-06-10,4.39,2020-07-27,3.57,0.13,2020-04-06,HIGH_VOL
V2.0,V1.1,MBB,46,LOW,2020-07-27,3.57,2020-08-13,3.95,0.1,2020-07-27,NORMAL
V2.0,V1.1,MBB,47,HIGH,2021-01-08,7.32,2021-01-19,6.53,0.1,2020-08-13,NORMAL
V2.0,V1.1,MBB,48,LOW,2021-01-29,5.7,2021-02-03,6.49,0.13,2021-01-19,HIGH_VOL
V2.0,V1.1,MBB,49,HIGH,2021-06-30,11.9,2021-07-19,9.82,0.13,2021-02-03,HIGH_VOL
V2.0,V1.1,MBB,50,LOW,2021-07-20,9.58,2021-08-05,10.85,0.13,2021-07-19,HIGH_VOL
V2.0,V1.1,MBB,51,HIGH,2021-08-17,11.5,2021-09-14,9.98,0.13,2021-08-05,HIGH_VOL
V2.0,V1.1,MBB,52,LOW,2021-10-04,9.72,2021-11-24,11.17,0.1,2021-09-14,NORMAL
V2.0,V1.1,MBB,53,HIGH,2021-11-25,11.37,2021-12-03,10.23,0.08000000000000002,2021-11-24,LOW_VOL
V2.0,V1.1,MBB,54,LOW,2021-12-06,9.76,2022-01-13,10.74,0.1,2021-12-03,NORMAL
V2.0,V1.1,MBB,55,HIGH,2022-02-23,12.62,2022-03-08,11.21,0.08000000000000002,2022-01-13,LOW_VOL
V2.0,V1.1,MBB,56,LOW,2022-05-13,8.71,2022-05-25,10.14,0.13,2022-03-08,HIGH_VOL
V2.0,V1.1,MBB,57,HIGH,2022-05-26,10.23,2022-06-17,8.42,0.13,2022-05-25,HIGH_VOL
V2.0,V1.1,MBB,58,LOW,2022-06-20,7.9,2022-06-28,8.93,0.13,2022-06-17,HIGH_VOL
V2.0,V1.1,MBB,59,HIGH,2022-08-31,10.39,2022-09-26,8.72,0.13,2022-06-28,HIGH_VOL
V2.0,V1.1,MBB,60,LOW,2022-10-11,6.96,2022-10-14,7.72,0.1,2022-09-26,NORMAL
V2.0,V1.1,MBB,61,HIGH,2022-10-14,7.94,2022-10-24,6.77,0.13,2022-10-14,HIGH_VOL
V2.0,V1.1,MBB,62,LOW,2022-10-24,6.7,2022-10-27,7.59,0.13,2022-10-24,HIGH_VOL
V2.0,V1.1,MBB,63,HIGH,2022-11-01,7.98,2022-11-10,6.85,0.13,2022-10-27,HIGH_VOL
V2.0,V1.1,MBB,64,LOW,2022-11-16,5.73,2022-11-17,6.81,0.13,2022-11-10,HIGH_VOL
V2.0,V1.1,MBB,65,HIGH,2023-01-27,8.72,2023-02-27,7.48,0.13,2022-11-17,HIGH_VOL
V2.0,V1.1,MBB,66,LOW,2023-03-01,7.37,2023-04-03,8.11,0.1,2023-02-27,NORMAL
V2.0,V1.1,MBB,67,HIGH,2023-09-15,10.08,2023-09-25,9.26,0.08000000000000002,2023-04-03,LOW_VOL
V2.0,V1.1,MBB,68,LOW,2023-10-31,8.67,2023-12-29,9.54,0.1,2023-09-25,NORMAL
V2.0,V1.1,MBB,69,HIGH,2024-03-06,12.86,2024-03-11,11.74,0.08000000000000002,2023-12-29,LOW_VOL
V2.0,V1.1,MBB,70,LOW,2024-03-18,11.46,2024-03-28,13.04,0.13,2024-03-11,HIGH_VOL
V2.0,V1.1,MBB,71,HIGH,2024-03-22,13.15,2024-04-23,11.25,0.13,2024-03-28,HIGH_VOL
V2.0,V1.1,MBB,72,LOW,2024-04-23,11.12,2024-07-17,12.81,0.13,2024-04-23,HIGH_VOL
V2.0,V1.1,MBB,73,HIGH,2024-07-22,13.46,2024-08-01,12.23,0.08000000000000002,2024-07-17,LOW_VOL
V2.0,V1.1,MBB,74,LOW,2024-08-05,11.92,2024-10-14,13.51,0.13,2024-08-01,HIGH_VOL
V2.0,V1.1,MBB,75,HIGH,2024-10-18,13.7,2024-11-12,12.6,0.08000000000000002,2024-10-14,LOW_VOL
V2.0,V1.1,MBB,76,LOW,2024-11-18,12.08,2024-12-27,13.09,0.08000000000000002,2024-11-12,LOW_VOL
V2.0,V1.1,MBB,77,HIGH,2025-03-12,15.03,2025-04-03,13.62,0.08000000000000002,2024-12-27,LOW_VOL
V2.0,V1.1,MBB,78,LOW,2025-04-09,11.69,2025-04-10,13.26,0.13,2025-04-03,HIGH_VOL
V2.0,V1.1,MBB,79,HIGH,2025-08-15,23.63,2025-10-20,20.22,0.13,2025-04-10,HIGH_VOL
V2.0,V1.1,MBB,80,LOW,2025-11-25,18.26,2026-01-06,21.35,0.13,2025-10-20,HIGH_VOL
V2.0,V1.1,MBB,81,HIGH,2026-02-11,23.63,2026-03-09,19.9,0.13,2026-01-06,HIGH_VOL
V2.0,V1.1,MBB,82,LOW,2026-07-28,17.78,2026-08-04,20.32,0.13,2026-03-09,HIGH_VOL
V2.0,V1.1,VCB,1,HIGH,2009-07-01,9.51,2009-07-02,8.76,0.07,,BOOTSTRAP
V2.0,V1.1,VCB,2,LOW,2009-07-20,7.05,2009-07-24,7.85,0.07,2009-07-02,NORMAL
V2.0,V1.1,VCB,3,HIGH,2009-07-28,8.45,2009-07-30,7.77,0.07,2009-07-24,NORMAL
V2.0,V1.1,VCB,4,LOW,2009-07-30,7.62,2009-08-03,8.53,0.07,2009-07-30,NORMAL
V2.0,V1.1,VCB,5,HIGH,2009-08-04,8.91,2009-09-04,8.23,0.07,2009-08-03,NORMAL
V2.0,V1.1,VCB,6,LOW,2009-09-07,7.85,2009-09-17,8.45,0.07,2009-09-04,NORMAL
V2.0,V1.1,VCB,7,HIGH,2009-09-17,8.68,2009-10-01,7.93,0.07,2009-09-17,NORMAL
V2.0,V1.1,VCB,8,LOW,2009-10-02,7.55,2009-10-14,8.23,0.07,2009-10-01,NORMAL
V2.0,V1.1,VCB,9,HIGH,2009-10-16,8.91,2009-10-20,8.23,0.07,2009-10-14,NORMAL
V2.0,V1.1,VCB,10,LOW,2009-11-27,6.01,2009-11-30,6.93,0.07,2009-10-20,NORMAL
V2.0,V1.1,VCB,11,HIGH,2009-12-02,7.38,2009-12-08,6.75,0.07,2009-11-30,NORMAL
V2.0,V1.1,VCB,12,LOW,2009-12-11,6.14,2009-12-15,6.78,0.07,2009-12-08,NORMAL
V2.0,V1.1,VCB,13,HIGH,2010-01-05,7.77,2010-01-12,6.87,0.09100000000000001,2009-12-15,HIGH_VOL
V2.0,V1.1,VCB,14,LOW,2010-02-01,6.31,2010-02-24,7.02,0.09100000000000001,2010-01-12,HIGH_VOL
V2.0,V1.1,VCB,15,HIGH,2010-03-01,7.55,2010-03-04,7.11,0.05600000000000001,2010-02-24,LOW_VOL
V2.0,V1.1,VCB,16,LOW,2010-03-08,7.02,2010-03-10,7.42,0.05600000000000001,2010-03-04,LOW_VOL
V2.0,V1.1,VCB,17,HIGH,2010-03-11,7.46,2010-03-17,6.97,0.05600000000000001,2010-03-10,LOW_VOL
V2.0,V1.1,VCB,18,LOW,2010-05-21,6.05,2010-06-04,6.42,0.05600000000000001,2010-03-17,LOW_VOL
V2.0,V1.1,VCB,19,HIGH,2010-06-29,6.85,2010-07-07,6.45,0.05600000000000001,2010-06-04,LOW_VOL
V2.0,V1.1,VCB,20,LOW,2010-08-12,5.58,2010-08-17,6.04,0.07,2010-07-07,NORMAL
V2.0,V1.1,VCB,21,HIGH,2010-09-06,6.42,2010-09-21,5.89,0.07,2010-08-17,NORMAL
V2.0,V1.1,VCB,22,LOW,2010-11-22,4.96,2010-11-23,5.46,0.07,2010-09-21,NORMAL
V2.0,V1.1,VCB,23,HIGH,2010-11-30,5.76,2010-12-08,5.26,0.07,2010-11-23,NORMAL
V2.0,V1.1,VCB,24,LOW,2010-12-09,5.15,2010-12-13,5.64,0.09100000000000001,2010-12-08,HIGH_VOL
V2.0,V1.1,VCB,25,HIGH,2010-12-20,6.62,2010-12-24,5.92,0.09100000000000001,2010-12-13,HIGH_VOL
V2.0,V1.1,VCB,26,LOW,2010-12-28,5.84,2010-12-31,6.52,0.09100000000000001,2010-12-24,HIGH_VOL
V2.0,V1.1,VCB,27,HIGH,2011-02-09,7.97,2011-02-14,7.12,0.09100000000000001,2010-12-31,HIGH_VOL
V2.0,V1.1,VCB,28,LOW,2011-03-16,5.98,2011-03-21,6.6,0.09100000000000001,2011-02-14,HIGH_VOL
V2.0,V1.1,VCB,29,HIGH,2011-03-21,6.62,2011-04-14,6.0,0.09100000000000001,2011-03-21,HIGH_VOL
V2.0,V1.1,VCB,30,LOW,2011-04-28,5.62,2011-05-17,6.2,0.07,2011-04-14,NORMAL
V2.0,V1.1,VCB,31,HIGH,2011-05-18,6.5,2011-05-20,6.02,0.05600000000000001,2011-05-17,LOW_VOL
V2.0,V1.1,VCB,32,LOW,2011-05-26,4.96,2011-05-27,5.7,0.07,2011-05-20,NORMAL
V2.0,V1.1,VCB,33,HIGH,2011-06-03,6.22,2011-06-17,5.54,0.09100000000000001,2011-05-27,HIGH_VOL
V2.0,V1.1,VCB,34,LOW,2011-06-17,5.54,2011-07-20,6.2,0.09100000000000001,2011-06-17,HIGH_VOL
V2.0,V1.1,VCB,35,HIGH,2011-07-28,6.47,2011-08-03,6.07,0.05600000000000001,2011-07-20,LOW_VOL
V2.0,V1.1,VCB,36,LOW,2011-08-09,5.84,2011-08-18,6.25,0.07,2011-08-03,NORMAL
V2.0,V1.1,VCB,37,HIGH,2011-09-05,6.63,2011-09-12,6.13,0.05600000000000001,2011-08-18,LOW_VOL
V2.0,V1.1,VCB,38,LOW,2011-09-26,5.91,2011-09-28,6.27,0.05600000000000001,2011-09-12,LOW_VOL
V2.0,V1.1,VCB,39,HIGH,2011-09-29,6.29,2011-10-18,5.82,0.07,2011-09-28,NORMAL
V2.0,V1.1,VCB,40,LOW,2011-11-14,5.08,2011-11-16,5.37,0.05600000000000001,2011-10-18,LOW_VOL
V2.0,V1.1,VCB,41,HIGH,2011-11-17,5.48,2011-11-30,4.99,0.07,2011-11-16,NORMAL
V2.0,V1.1,VCB,42,LOW,2011-12-15,4.45,2011-12-19,4.94,0.07,2011-11-30,NORMAL
V2.0,V1.1,VCB,43,HIGH,2011-12-20,4.97,2011-12-23,4.58,0.07,2011-12-19,NORMAL
V2.0,V1.1,VCB,44,LOW,2011-12-27,4.36,2011-12-30,4.9,0.09100000000000001,2011-12-23,HIGH_VOL
V2.0,V1.1,VCB,45,HIGH,2011-12-30,4.9,2012-01-06,4.45,0.09100000000000001,2011-12-30,HIGH_VOL
V2.0,V1.1,VCB,46,LOW,2012-01-06,4.43,2012-01-18,4.88,0.09100000000000001,2012-01-06,HIGH_VOL
V2.0,V1.1,VCB,47,HIGH,2012-03-06,7.44,2012-03-08,6.45,0.09100000000000001,2012-01-18,HIGH_VOL
V2.0,V1.1,VCB,48,LOW,2012-03-12,6.29,2012-03-20,6.97,0.09100000000000001,2012-03-08,HIGH_VOL
V2.0,V1.1,VCB,49,HIGH,2012-05-14,8.94,2012-05-16,7.98,0.09100000000000001,2012-03-20,HIGH_VOL
V2.0,V1.1,VCB,50,LOW,2012-08-24,5.61,2012-09-17,6.36,0.09100000000000001,2012-05-16,HIGH_VOL
V2.0,V1.1,VCB,51,HIGH,2012-09-17,6.43,2012-09-20,5.82,0.09100000000000001,2012-09-17,HIGH_VOL
V2.0,V1.1,VCB,52,LOW,2012-11-06,4.93,2012-11-08,5.42,0.09100000000000001,2012-09-20,HIGH_VOL
V2.0,V1.1,VCB,53,HIGH,2012-11-16,5.7,2012-11-26,5.35,0.05600000000000001,2012-11-08,LOW_VOL
V2.0,V1.1,VCB,54,LOW,2012-11-28,5.33,2012-12-05,5.82,0.07,2012-11-26,NORMAL
V2.0,V1.1,VCB,55,HIGH,2013-01-11,7.72,2013-01-22,7.18,0.05600000000000001,2012-12-05,LOW_VOL
V2.0,V1.1,VCB,56,LOW,2013-01-23,6.97,2013-01-25,7.62,0.09100000000000001,2013-01-22,HIGH_VOL
V2.0,V1.1,VCB,57,HIGH,2013-02-26,8.15,2013-04-10,7.08,0.09100000000000001,2013-01-25,HIGH_VOL
V2.0,V1.1,VCB,58,LOW,2013-04-16,6.37,2013-04-17,6.86,0.07,2013-04-10,NORMAL
V2.0,V1.1,VCB,59,HIGH,2013-06-10,7.93,2013-06-24,7.18,0.09100000000000001,2013-04-17,HIGH_VOL
V2.0,V1.1,VCB,60,LOW,2013-08-29,5.67,2013-09-16,6.13,0.07,2013-06-24,NORMAL
V2.0,V1.1,VCB,61,HIGH,2013-10-23,7.35,2013-12-05,6.69,0.07,2013-09-16,NORMAL
V2.0,V1.1,VCB,62,LOW,2013-12-16,6.42,2014-01-08,6.84,0.05600000000000001,2013-12-05,LOW_VOL
V2.0,V1.1,VCB,63,HIGH,2014-01-20,7.27,2014-02-06,6.79,0.05600000000000001,2014-01-08,LOW_VOL
V2.0,V1.1,VCB,64,LOW,2014-02-07,6.74,2014-02-26,7.37,0.07,2014-02-06,NORMAL
V2.0,V1.1,VCB,65,HIGH,2014-03-25,7.81,2014-04-16,7.15,0.07,2014-02-26,NORMAL
V2.0,V1.1,VCB,66,LOW,2014-05-13,5.72,2014-05-14,6.33,0.09100000000000001,2014-04-16,HIGH_VOL
V2.0,V1.1,VCB,67,HIGH,2014-09-05,8.57,2014-09-19,7.67,0.09100000000000001,2014-05-14,HIGH_VOL
V2.0,V1.1,VCB,68,LOW,2014-09-30,7.58,2014-12-03,8.36,0.09100000000000001,2014-09-19,HIGH_VOL
V2.0,V1.1,VCB,69,HIGH,2014-12-09,9.41,2014-12-10,8.74,0.07,2014-12-03,NORMAL
V2.0,V1.1,VCB,70,LOW,2014-12-19,8.25,2014-12-29,9.24,0.09100000000000001,2014-12-10,HIGH_VOL
V2.0,V1.1,VCB,71,HIGH,2015-01-14,11.1,2015-02-03,9.71,0.09100000000000001,2014-12-29,HIGH_VOL
V2.0,V1.1,VCB,72,LOW,2015-02-04,9.3,2015-02-05,10.17,0.09100000000000001,2015-02-03,HIGH_VOL
V2.0,V1.1,VCB,73,HIGH,2015-02-25,11.63,2015-03-16,10.29,0.09100000000000001,2015-02-05,HIGH_VOL
V2.0,V1.1,VCB,74,LOW,2015-03-24,10.06,2015-04-16,10.87,0.07,2015-03-16,NORMAL
V2.0,V1.1,VCB,75,HIGH,2015-06-02,14.05,2015-06-03,12.97,0.05600000000000001,2015-04-16,LOW_VOL
V2.0,V1.1,VCB,76,LOW,2015-06-10,12.47,2015-06-22,13.87,0.09100000000000001,2015-06-03,HIGH_VOL
V2.0,V1.1,VCB,77,HIGH,2015-07-07,16.68,2015-07-20,14.71,0.09100000000000001,2015-06-22,HIGH_VOL
V2.0,V1.1,VCB,78,LOW,2015-08-25,11.32,2015-08-27,12.39,0.09100000000000001,2015-07-20,HIGH_VOL
V2.0,V1.1,VCB,79,HIGH,2015-11-09,14.68,2015-11-27,13.19,0.09100000000000001,2015-08-27,HIGH_VOL
V2.0,V1.1,VCB,80,LOW,2015-12-08,11.91,2015-12-15,12.87,0.05600000000000001,2015-11-27,LOW_VOL
V2.0,V1.1,VCB,81,HIGH,2015-12-30,13.37,2016-01-15,12.09,0.07,2015-12-15,NORMAL
V2.0,V1.1,VCB,82,LOW,2016-01-18,11.32,2016-01-25,12.42,0.07,2016-01-15,NORMAL
V2.0,V1.1,VCB,83,HIGH,2016-05-18,14.83,2016-05-23,13.73,0.07,2016-01-25,NORMAL
V2.0,V1.1,VCB,84,LOW,2016-05-27,13.34,2016-06-07,14.32,0.07,2016-05-23,NORMAL
V2.0,V1.1,VCB,85,HIGH,2016-06-10,14.62,2016-06-27,13.76,0.05600000000000001,2016-06-07,LOW_VOL
V2.0,V1.1,VCB,86,LOW,2016-06-24,13.31,2016-06-29,14.09,0.05600000000000001,2016-06-27,LOW_VOL
V2.0,V1.1,VCB,87,HIGH,2016-07-14,17.42,2016-07-15,16.08,0.05600000000000001,2016-06-29,LOW_VOL
V2.0,V1.1,VCB,88,LOW,2016-08-03,14.74,2016-08-11,16.68,0.09100000000000001,2016-07-15,HIGH_VOL
V2.0,V1.1,VCB,89,HIGH,2016-08-29,18.02,2016-08-31,16.08,0.09100000000000001,2016-08-11,HIGH_VOL
V2.0,V1.1,VCB,90,LOW,2016-09-16,14.36,2016-09-27,15.83,0.09100000000000001,2016-08-31,HIGH_VOL
V2.0,V1.1,VCB,91,HIGH,2016-09-28,16.08,2016-10-26,14.48,0.09100000000000001,2016-09-27,HIGH_VOL
V2.0,V1.1,VCB,92,LOW,2016-12-06,13.95,2016-12-26,14.81,0.05600000000000001,2016-10-26,LOW_VOL
V2.0,V1.1,VCB,93,HIGH,2017-02-09,16.37,2017-02-23,15.42,0.05600000000000001,2016-12-26,LOW_VOL
V2.0,V1.1,VCB,94,LOW,2017-04-27,14.23,2017-05-10,15.07,0.05600000000000001,2017-02-23,LOW_VOL
V2.0,V1.1,VCB,95,HIGH,2017-06-19,16.41,2017-07-17,15.46,0.05600000000000001,2017-05-10,LOW_VOL
V2.0,V1.1,VCB,96,LOW,2017-07-24,15.03,2017-10-04,16.26,0.07,2017-07-17,NORMAL
V2.0,V1.1,VCB,97,HIGH,2017-11-30,20.95,2017-12-08,19.72,0.05600000000000001,2017-10-04,LOW_VOL
V2.0,V1.1,VCB,98,LOW,2017-12-12,17.43,2017-12-15,19.28,0.09100000000000001,2017-12-08,HIGH_VOL
V2.0,V1.1,VCB,99,HIGH,2018-01-29,29.96,2018-02-05,26.27,0.09100000000000001,2017-12-15,HIGH_VOL
V2.0,V1.1,VCB,100,LOW,2018-02-06,24.47,2018-02-13,26.82,0.09100000000000001,2018-02-05,HIGH_VOL
V2.0,V1.1,VCB,101,HIGH,2018-02-28,31.43,2018-03-05,28.5,0.09100000000000001,2018-02-13,HIGH_VOL
V2.0,V1.1,VCB,102,LOW,2018-03-06,28.37,2018-03-16,31.3,0.09100000000000001,2018-03-05,HIGH_VOL
V2.0,V1.1,VCB,103,HIGH,2018-03-19,32.06,2018-04-13,28.45,0.09100000000000001,2018-03-16,HIGH_VOL
V2.0,V1.1,VCB,104,LOW,2018-05-03,23.84,2018-05-07,26.02,0.09100000000000001,2018-04-13,HIGH_VOL
V2.0,V1.1,VCB,105,HIGH,2018-05-08,26.06,2018-05-10,23.68,0.09100000000000001,2018-05-07,HIGH_VOL
V2.0,V1.1,VCB,106,LOW,2018-05-28,19.61,2018-05-30,21.79,0.09100000000000001,2018-05-10,HIGH_VOL
V2.0,V1.1,VCB,107,HIGH,2018-06-27,25.35,2018-07-05,21.79,0.09100000000000001,2018-05-30,HIGH_VOL
V2.0,V1.1,VCB,108,LOW,2018-07-11,20.99,2018-07-13,22.96,0.09100000000000001,2018-07-05,HIGH_VOL
V2.0,V1.1,VCB,109,HIGH,2018-09-21,27.53,2018-10-11,24.49,0.09100000000000001,2018-07-13,HIGH_VOL
V2.0,V1.1,VCB,110,LOW,2018-10-29,22.28,2018-10-31,23.6,0.05600000000000001,2018-10-11,LOW_VOL
V2.0,V1.1,VCB,111,HIGH,2018-12-13,24.79,2018-12-24,22.54,0.07,2018-10-31,NORMAL
V2.0,V1.1,VCB,112,LOW,2018-12-25,21.65,2019-01-04,23.09,0.05600000000000001,2018-12-24,LOW_VOL
V2.0,V1.1,VCB,113,HIGH,2019-04-09,29.71,2019-05-07,27.84,0.05600000000000001,2019-01-04,LOW_VOL
V2.0,V1.1,VCB,114,LOW,2019-06-03,27.16,2019-06-14,29.37,0.05600000000000001,2019-05-07,LOW_VOL
V2.0,V1.1,VCB,115,HIGH,2019-07-30,35.02,2019-08-06,32.38,0.07,2019-06-14,NORMAL
V2.0,V1.1,VCB,116,LOW,2019-08-15,31.66,2019-08-21,33.96,0.07,2019-08-06,NORMAL
V2.0,V1.1,VCB,117,HIGH,2019-11-04,39.26,2019-12-02,35.44,0.09100000000000001,2019-08-21,HIGH_VOL
V2.0,V1.1,VCB,118,LOW,2019-12-04,34.59,2019-12-23,38.58,0.09100000000000001,2019-12-02,HIGH_VOL
V2.0,V1.1,VCB,119,HIGH,2020-01-22,40.68,2020-02-24,37.34,0.07,2019-12-23,NORMAL
V2.0,V1.1,VCB,120,LOW,2020-03-17,27.23,2020-03-18,29.68,0.07,2020-02-24,NORMAL
V2.0,V1.1,VCB,121,HIGH,2020-03-18,30.28,2020-03-20,26.34,0.09100000000000001,2020-03-18,HIGH_VOL
V2.0,V1.1,VCB,122,LOW,2020-03-24,24.24,2020-03-25,26.55,0.09100000000000001,2020-03-20,HIGH_VOL
V2.0,V1.1,VCB,123,HIGH,2020-06-08,38.63,2020-06-15,35.11,0.09100000000000001,2020-03-25,HIGH_VOL
V2.0,V1.1,VCB,124,LOW,2020-07-29,32.16,2020-08-04,35.07,0.07,2020-06-15,NORMAL
V2.0,V1.1,VCB,125,HIGH,2021-01-07,46.84,2021-01-19,42.74,0.07,2020-08-04,NORMAL
V2.0,V1.1,VCB,126,LOW,2021-01-29,36.91,2021-02-02,41.66,0.09100000000000001,2021-01-19,HIGH_VOL
V2.0,V1.1,VCB,127,HIGH,2021-04-22,45.59,2021-05-17,41.44,0.09100000000000001,2021-02-02,HIGH_VOL
V2.0,V1.1,VCB,128,LOW,2021-05-19,40.49,2021-06-01,44.77,0.09100000000000001,2021-05-17,HIGH_VOL
V2.0,V1.1,VCB,129,HIGH,2021-06-03,46.63,2021-06-08,43.17,0.07,2021-06-01,NORMAL
V2.0,V1.1,VCB,130,LOW,2021-06-09,42.83,2021-06-18,46.84,0.09100000000000001,2021-06-08,HIGH_VOL
V2.0,V1.1,VCB,131,HIGH,2021-06-30,50.6,2021-07-13,44.64,0.09100000000000001,2021-06-18,HIGH_VOL
V2.0,V1.1,VCB,132,LOW,2021-07-20,40.37,2021-08-19,44.38,0.09100000000000001,2021-07-13,HIGH_VOL
V2.0,V1.1,VCB,133,HIGH,2021-08-17,44.47,2021-08-24,41.88,0.05600000000000001,2021-08-19,LOW_VOL
V2.0,V1.1,VCB,134,LOW,2021-10-26,40.41,2021-11-24,45.24,0.07,2021-08-24,NORMAL
V2.0,V1.1,VCB,135,HIGH,2021-11-26,46.71,2021-11-29,43.65,0.05600000000000001,2021-11-24,LOW_VOL
V2.0,V1.1,VCB,136,LOW,2021-12-06,41.19,2021-12-24,43.77,0.05600000000000001,2021-11-29,LOW_VOL
V2.0,V1.1,VCB,137,HIGH,2022-01-25,53.53,2022-01-28,49.63,0.07,2021-12-24,NORMAL
V2.0,V1.1,VCB,138,LOW,2022-05-13,40.71,2022-06-01,44.89,0.09100000000000001,2022-01-28,HIGH_VOL
V2.0,V1.1,VCB,139,HIGH,2022-06-07,45.73,2022-07-01,41.26,0.09100000000000001,2022-06-01,HIGH_VOL
V2.0,V1.1,VCB,140,LOW,2022-07-06,38.42,2022-07-07,42.1,0.09100000000000001,2022-07-01,HIGH_VOL
V2.0,V1.1,VCB,141,HIGH,2022-08-31,48.24,2022-09-08,43.5,0.09100000000000001,2022-07-07,HIGH_VOL
V2.0,V1.1,VCB,142,LOW,2022-10-11,34.57,2022-10-13,37.08,0.07,2022-09-08,NORMAL
V2.0,V1.1,VCB,143,HIGH,2022-12-05,48.51,2022-12-07,43.77,0.09100000000000001,2022-10-13,HIGH_VOL
V2.0,V1.1,VCB,144,LOW,2022-12-08,42.94,2023-01-09,48.46,0.09100000000000001,2022-12-07,HIGH_VOL
V2.0,V1.1,VCB,145,HIGH,2023-01-19,53.53,2023-02-01,49.69,0.07,2023-01-09,NORMAL
V2.0,V1.1,VCB,146,LOW,2023-01-31,48.96,2023-02-06,53.53,0.07,2023-02-01,NORMAL
V2.0,V1.1,VCB,147,HIGH,2023-02-06,53.7,2023-03-17,49.63,0.07,2023-02-06,NORMAL
V2.0,V1.1,VCB,148,LOW,2023-03-20,47.45,2023-03-23,50.58,0.05600000000000001,2023-03-17,LOW_VOL
V2.0,V1.1,VCB,149,HIGH,2023-07-27,61.71,2023-08-23,56.83,0.07,2023-03-23,NORMAL
V2.0,V1.1,VCB,150,LOW,2023-10-23,54.33,2023-11-01,57.82,0.05600000000000001,2023-08-23,LOW_VOL
V2.0,V1.1,VCB,151,HIGH,2023-11-06,59.14,2023-12-15,54.13,0.07,2023-11-01,NORMAL
V2.0,V1.1,VCB,152,LOW,2023-12-19,52.75,2024-01-04,56.57,0.05600000000000001,2023-12-15,LOW_VOL
V2.0,V1.1,VCB,153,HIGH,2024-02-29,66.19,2024-03-11,61.97,0.05600000000000001,2024-01-04,LOW_VOL
V2.0,V1.1,VCB,154,LOW,2024-06-28,55.98,2024-08-21,61.11,0.09100000000000001,2024-03-11,HIGH_VOL
V2.0,V1.1,VCB,155,HIGH,2025-03-12,67.54,2025-03-31,63.01,0.05600000000000001,2024-08-21,LOW_VOL
V2.0,V1.1,VCB,156,LOW,2025-04-09,51.2,2025-04-11,58.88,0.09100000000000001,2025-03-31,HIGH_VOL
V2.0,V1.1,VCB,157,HIGH,2025-08-28,69.51,2025-09-18,62.91,0.09100000000000001,2025-04-11,HIGH_VOL
V2.0,V1.1,VCB,158,LOW,2025-12-16,55.54,2026-01-08,63.17,0.09100000000000001,2025-09-18,HIGH_VOL
V2.0,V1.1,VCB,159,HIGH,2026-01-14,78.15,2026-01-15,71.31,0.07,2026-01-08,NORMAL
V2.0,V1.1,VCB,160,LOW,2026-03-23,56.03,2026-04-23,62.28,0.09100000000000001,2026-01-15,HIGH_VOL
V2.0,V1.1,VCB,161,HIGH,2026-05-21,65.65,2026-06-08,60.79,0.07,2026-04-23,NORMAL
V2.0,V1.1,VCB,162,LOW,2026-07-23,52.6,2026-07-30,56.5,0.07,2026-06-08,NORMAL
V2.0,V1.1,VNM,1,LOW,2006-01-24,2.0,2006-02-17,2.21,0.07,,BOOTSTRAP
V2.0,V1.1,VNM,2,HIGH,2006-04-25,3.99,2006-04-27,3.59,0.07,2006-02-17,NORMAL
V2.0,V1.1,VNM,3,LOW,2006-05-10,3.13,2006-05-12,3.44,0.07,2006-04-27,NORMAL
V2.0,V1.1,VNM,4,HIGH,2006-05-15,3.59,2006-05-23,3.3,0.07,2006-05-12,NORMAL
V2.0,V1.1,VNM,5,LOW,2006-08-02,2.43,2006-08-03,2.68,0.09100000000000001,2006-05-23,HIGH_VOL
V2.0,V1.1,VNM,6,HIGH,2006-11-27,4.54,2006-11-28,4.08,0.09100000000000001,2006-08-03,HIGH_VOL
V2.0,V1.1,VNM,7,LOW,2006-11-29,3.88,2006-12-05,4.27,0.09100000000000001,2006-11-28,HIGH_VOL
V2.0,V1.1,VNM,8,HIGH,2006-12-14,5.63,2006-12-18,5.09,0.09100000000000001,2006-12-05,HIGH_VOL
V2.0,V1.1,VNM,9,LOW,2006-12-25,4.51,2007-01-03,5.09,0.09100000000000001,2006-12-18,HIGH_VOL
V2.0,V1.1,VNM,10,HIGH,2007-01-22,7.81,2007-01-24,6.84,0.09100000000000001,2007-01-03,HIGH_VOL
V2.0,V1.1,VNM,11,LOW,2007-01-26,6.21,2007-01-30,6.84,0.09100000000000001,2007-01-24,HIGH_VOL
V2.0,V1.1,VNM,12,HIGH,2007-02-07,8.18,2007-02-09,7.4,0.09100000000000001,2007-01-30,HIGH_VOL
V2.0,V1.1,VNM,13,LOW,2007-02-09,7.4,2007-02-26,8.26,0.09100000000000001,2007-02-09,HIGH_VOL
V2.0,V1.1,VNM,14,HIGH,2007-02-27,8.67,2007-03-07,7.73,0.09100000000000001,2007-02-26,HIGH_VOL
V2.0,V1.1,VNM,15,LOW,2007-04-24,6.58,2007-05-02,7.2,0.09100000000000001,2007-03-07,HIGH_VOL
V2.0,V1.1,VNM,16,HIGH,2007-05-08,8.02,2007-05-16,7.24,0.07,2007-05-02,NORMAL
V2.0,V1.1,VNM,17,LOW,2007-05-16,7.24,2007-05-18,7.77,0.07,2007-05-16,NORMAL
V2.0,V1.1,VNM,18,HIGH,2007-05-28,7.98,2007-07-02,7.23,0.07,2007-05-18,NORMAL
V2.0,V1.1,VNM,19,LOW,2007-07-03,7.03,2007-07-05,7.56,0.07,2007-07-02,NORMAL
V2.0,V1.1,VNM,20,HIGH,2007-07-05,7.56,2007-08-06,7.03,0.07,2007-07-05,NORMAL
V2.0,V1.1,VNM,21,LOW,2007-09-05,6.57,2007-09-25,7.23,0.07,2007-08-06,NORMAL
V2.0,V1.1,VNM,22,HIGH,2007-10-03,8.27,2007-10-05,7.73,0.05600000000000001,2007-09-25,LOW_VOL
V2.0,V1.1,VNM,23,LOW,2007-11-14,6.82,2007-11-19,7.36,0.07,2007-10-05,NORMAL
V2.0,V1.1,VNM,24,HIGH,2007-11-19,7.36,2008-01-10,6.41,0.09100000000000001,2007-11-19,HIGH_VOL
V2.0,V1.1,VNM,25,LOW,2008-01-25,5.25,2008-01-28,5.7,0.05600000000000001,2008-01-10,LOW_VOL
V2.0,V1.1,VNM,26,HIGH,2008-01-30,6.2,2008-02-13,5.62,0.09100000000000001,2008-01-28,HIGH_VOL
V2.0,V1.1,VNM,27,LOW,2008-02-22,4.71,2008-02-27,5.17,0.09100000000000001,2008-02-13,HIGH_VOL
V2.0,V1.1,VNM,28,HIGH,2008-02-27,5.17,2008-03-03,4.63,0.09100000000000001,2008-02-27,HIGH_VOL
V2.0,V1.1,VNM,29,LOW,2008-03-05,4.22,2008-03-07,4.63,0.09100000000000001,2008-03-03,HIGH_VOL
V2.0,V1.1,VNM,30,HIGH,2008-03-13,5.12,2008-03-18,4.63,0.09100000000000001,2008-03-07,HIGH_VOL
V2.0,V1.1,VNM,31,LOW,2008-03-25,4.26,2008-04-04,4.67,0.09100000000000001,2008-03-18,HIGH_VOL
V2.0,V1.1,VNM,32,HIGH,2008-05-07,5.83,2008-05-14,5.25,0.09100000000000001,2008-04-04,HIGH_VOL
V2.0,V1.1,VNM,33,LOW,2008-06-16,3.71,2008-06-25,4.06,0.07,2008-05-14,NORMAL
V2.0,V1.1,VNM,34,HIGH,2008-07-07,5.04,2008-07-09,4.67,0.07,2008-06-25,NORMAL
V2.0,V1.1,VNM,35,LOW,2008-07-08,4.67,2008-07-14,5.0,0.07,2008-07-09,NORMAL
V2.0,V1.1,VNM,36,HIGH,2008-07-15,5.13,2008-07-18,4.75,0.07,2008-07-14,NORMAL
V2.0,V1.1,VNM,37,LOW,2008-07-28,4.02,2008-07-29,4.33,0.07,2008-07-18,NORMAL
V2.0,V1.1,VNM,38,HIGH,2008-08-26,5.17,2008-08-28,4.67,0.09100000000000001,2008-07-29,HIGH_VOL
V2.0,V1.1,VNM,39,LOW,2008-08-29,4.46,2008-09-04,4.88,0.09100000000000001,2008-08-28,HIGH_VOL
V2.0,V1.1,VNM,40,HIGH,2008-09-04,4.88,2008-09-11,4.37,0.09100000000000001,2008-09-04,HIGH_VOL
V2.0,V1.1,VNM,41,LOW,2008-09-18,3.81,2008-09-22,4.18,0.09100000000000001,2008-09-11,HIGH_VOL
V2.0,V1.1,VNM,42,HIGH,2008-09-23,4.37,2008-09-25,3.91,0.09100000000000001,2008-09-22,HIGH_VOL
V2.0,V1.1,VNM,43,LOW,2008-10-28,2.8,2008-10-30,3.13,0.09100000000000001,2008-09-25,HIGH_VOL
V2.0,V1.1,VNM,44,HIGH,2008-11-06,3.89,2008-11-12,3.47,0.09100000000000001,2008-10-30,HIGH_VOL
V2.0,V1.1,VNM,45,LOW,2008-12-09,3.04,2008-12-11,3.36,0.09100000000000001,2008-11-12,HIGH_VOL
V2.0,V1.1,VNM,46,HIGH,2009-01-07,3.82,2009-01-22,3.54,0.07,2008-12-11,NORMAL
V2.0,V1.1,VNM,47,LOW,2009-02-24,3.02,2009-02-25,3.3,0.05600000000000001,2009-01-22,LOW_VOL
V2.0,V1.1,VNM,48,HIGH,2009-04-14,3.95,2009-04-17,3.6,0.07,2009-02-25,NORMAL
V2.0,V1.1,VNM,49,LOW,2009-04-21,3.36,2009-04-22,3.67,0.07,2009-04-17,NORMAL
V2.0,V1.1,VNM,50,HIGH,2009-05-07,4.31,2009-05-28,3.88,0.09100000000000001,2009-04-22,HIGH_VOL
V2.0,V1.1,VNM,51,LOW,2009-05-29,3.79,2009-06-05,4.16,0.07,2009-05-28,NORMAL
V2.0,V1.1,VNM,52,HIGH,2009-06-09,4.57,2009-06-15,4.2,0.07,2009-06-05,NORMAL
V2.0,V1.1,VNM,53,LOW,2009-06-17,3.82,2009-06-25,4.18,0.07,2009-06-15,NORMAL
V2.0,V1.1,VNM,54,HIGH,2009-07-16,5.35,2009-07-20,4.78,0.09100000000000001,2009-06-25,HIGH_VOL
V2.0,V1.1,VNM,55,LOW,2009-07-20,4.74,2009-07-24,5.27,0.07,2009-07-20,NORMAL
V2.0,V1.1,VNM,56,HIGH,2009-08-21,7.11,2009-08-26,6.58,0.07,2009-07-24,NORMAL
V2.0,V1.1,VNM,57,LOW,2009-09-04,6.5,2009-09-10,7.11,0.07,2009-08-26,NORMAL
V2.0,V1.1,VNM,58,HIGH,2009-09-14,7.77,2009-09-15,7.33,0.05600000000000001,2009-09-10,LOW_VOL
V2.0,V1.1,VNM,59,LOW,2009-09-16,7.11,2009-09-18,7.9,0.07,2009-09-15,NORMAL
V2.0,V1.1,VNM,60,HIGH,2009-09-22,8.69,2009-09-24,7.94,0.07,2009-09-18,NORMAL
V2.0,V1.1,VNM,61,LOW,2009-10-02,7.37,2009-10-14,7.9,0.07,2009-09-24,NORMAL
V2.0,V1.1,VNM,62,HIGH,2009-10-15,8.21,2009-10-21,7.55,0.07,2009-10-14,NORMAL
V2.0,V1.1,VNM,63,LOW,2009-11-04,7.02,2009-11-18,7.59,0.07,2009-10-21,NORMAL
V2.0,V1.1,VNM,64,HIGH,2009-11-19,7.68,2009-11-25,7.15,0.05600000000000001,2009-11-18,LOW_VOL
V2.0,V1.1,VNM,65,LOW,2009-11-27,6.5,2009-12-01,6.98,0.07,2009-11-25,NORMAL
V2.0,V1.1,VNM,66,HIGH,2009-11-30,7.02,2009-12-09,6.41,0.07,2009-12-01,NORMAL
V2.0,V1.1,VNM,67,LOW,2009-12-17,5.62,2009-12-21,6.14,0.07,2009-12-09,NORMAL
V2.0,V1.1,VNM,68,HIGH,2010-01-06,7.29,2010-01-12,6.5,0.09100000000000001,2009-12-21,HIGH_VOL
V2.0,V1.1,VNM,69,LOW,2010-01-18,6.23,2010-01-20,6.85,0.09100000000000001,2010-01-12,HIGH_VOL
V2.0,V1.1,VNM,70,HIGH,2010-02-04,7.9,2010-02-09,7.11,0.09100000000000001,2010-01-20,HIGH_VOL
V2.0,V1.1,VNM,71,LOW,2010-02-09,7.11,2010-02-12,7.94,0.09100000000000001,2010-02-09,HIGH_VOL
V2.0,V1.1,VNM,72,HIGH,2010-03-09,8.26,2010-03-22,7.68,0.07,2010-02-12,NORMAL
V2.0,V1.1,VNM,73,LOW,2010-03-30,7.46,2010-04-12,7.91,0.05600000000000001,2010-03-22,LOW_VOL
V2.0,V1.1,VNM,74,HIGH,2010-04-28,8.53,2010-05-19,8.04,0.05600000000000001,2010-04-12,LOW_VOL
V2.0,V1.1,VNM,75,LOW,2010-05-21,7.82,2010-07-13,8.26,0.05600000000000001,2010-05-19,LOW_VOL
V2.0,V1.1,VNM,76,HIGH,2010-07-20,8.44,2010-11-09,7.95,0.05600000000000001,2010-07-13,LOW_VOL
V2.0,V1.1,VNM,77,LOW,2010-11-16,7.62,2010-12-13,8.18,0.05600000000000001,2010-11-09,LOW_VOL
V2.0,V1.1,VNM,78,HIGH,2011-01-24,9.11,2011-02-18,8.36,0.07,2010-12-13,NORMAL
V2.0,V1.1,VNM,79,LOW,2011-02-22,7.9,2011-03-08,8.64,0.09100000000000001,2011-02-18,HIGH_VOL
V2.0,V1.1,VNM,80,HIGH,2011-05-12,10.69,2011-05-23,9.57,0.09100000000000001,2011-03-08,HIGH_VOL
V2.0,V1.1,VNM,81,LOW,2011-05-26,8.27,2011-05-27,9.48,0.09100000000000001,2011-05-23,HIGH_VOL
V2.0,V1.1,VNM,82,HIGH,2011-11-07,13.87,2011-12-26,12.6,0.09100000000000001,2011-05-27,HIGH_VOL
V2.0,V1.1,VNM,83,LOW,2012-01-06,11.04,2012-01-16,11.96,0.07,2011-12-26,NORMAL
V2.0,V1.1,VNM,84,HIGH,2012-03-06,13.73,2012-06-04,12.44,0.09100000000000001,2012-01-16,HIGH_VOL
V2.0,V1.1,VNM,85,LOW,2012-06-12,12.29,2012-08-02,13.45,0.05600000000000001,2012-06-04,LOW_VOL
V2.0,V1.1,VNM,86,HIGH,2012-08-16,17.07,2012-08-17,16.06,0.05600000000000001,2012-08-02,LOW_VOL
V2.0,V1.1,VNM,87,LOW,2012-08-24,14.43,2012-09-04,15.76,0.09100000000000001,2012-08-17,HIGH_VOL
V2.0,V1.1,VNM,88,HIGH,2012-10-24,20.18,2012-11-02,17.82,0.09100000000000001,2012-09-04,HIGH_VOL
V2.0,V1.1,VNM,89,LOW,2012-11-05,17.67,2012-11-14,19.44,0.09100000000000001,2012-11-02,HIGH_VOL
V2.0,V1.1,VNM,90,HIGH,2013-04-10,29.38,2013-04-15,26.51,0.09100000000000001,2012-11-14,HIGH_VOL
V2.0,V1.1,VNM,91,LOW,2013-04-16,25.4,2013-04-25,27.83,0.09100000000000001,2013-04-15,HIGH_VOL
V2.0,V1.1,VNM,92,HIGH,2013-08-15,33.8,2013-08-28,30.17,0.09100000000000001,2013-04-25,HIGH_VOL
V2.0,V1.1,VNM,93,LOW,2013-08-30,28.58,2013-09-04,30.85,0.07,2013-08-28,NORMAL
V2.0,V1.1,VNM,94,HIGH,2014-03-14,34.68,2014-05-05,31.26,0.09100000000000001,2013-09-04,HIGH_VOL
V2.0,V1.1,VNM,95,LOW,2014-05-14,27.6,2014-07-04,30.15,0.07,2014-05-05,NORMAL
V2.0,V1.1,VNM,96,HIGH,2014-08-13,33.04,2014-09-09,31.06,0.05600000000000001,2014-07-04,LOW_VOL
V2.0,V1.1,VNM,97,LOW,2014-12-17,26.12,2015-01-09,29.09,0.09100000000000001,2014-09-09,HIGH_VOL
V2.0,V1.1,VNM,98,HIGH,2015-08-11,38.97,2015-08-24,33.78,0.09100000000000001,2015-01-09,HIGH_VOL
V2.0,V1.1,VNM,99,LOW,2015-08-25,32.89,2015-08-28,36.11,0.09100000000000001,2015-08-24,HIGH_VOL
V2.0,V1.1,VNM,100,HIGH,2015-11-16,50.05,2015-11-23,45.4,0.09100000000000001,2015-08-28,HIGH_VOL
V2.0,V1.1,VNM,101,LOW,2016-01-22,40.04,2016-02-05,44.33,0.09100000000000001,2015-11-23,HIGH_VOL
V2.0,V1.1,VNM,102,HIGH,2016-08-31,69.48,2016-09-09,63.69,0.07,2016-02-05,NORMAL
V2.0,V1.1,VNM,103,LOW,2016-09-20,59.24,2016-10-19,65.03,0.09100000000000001,2016-09-09,HIGH_VOL
V2.0,V1.1,VNM,104,HIGH,2016-10-19,65.25,2016-11-14,61.55,0.05600000000000001,2016-10-19,LOW_VOL
V2.0,V1.1,VNM,105,LOW,2016-11-28,57.23,2016-11-30,61.47,0.05600000000000001,2016-11-14,LOW_VOL
V2.0,V1.1,VNM,106,HIGH,2016-11-30,63.25,2016-12-06,59.68,0.05600000000000001,2016-11-30,LOW_VOL
V2.0,V1.1,VNM,107,LOW,2016-12-21,54.12,2017-02-02,59.24,0.07,2016-12-06,NORMAL
V2.0,V1.1,VNM,108,HIGH,2017-12-04,93.84,2017-12-07,85.1,0.05600000000000001,2017-02-02,LOW_VOL
V2.0,V1.1,VNM,109,LOW,2017-12-07,85.1,2017-12-18,93.79,0.09100000000000001,2017-12-07,HIGH_VOL
V2.0,V1.1,VNM,110,HIGH,2018-01-03,99.09,2018-02-09,88.03,0.09100000000000001,2017-12-18,HIGH_VOL
V2.0,V1.1,VNM,111,LOW,2018-02-09,86.19,2018-03-07,94.99,0.09100000000000001,2018-02-09,HIGH_VOL
V2.0,V1.1,VNM,112,HIGH,2018-03-27,98.96,2018-04-03,89.28,0.09100000000000001,2018-03-07,HIGH_VOL
V2.0,V1.1,VNM,113,LOW,2018-05-22,73.74,2018-06-04,80.66,0.09100000000000001,2018-04-03,HIGH_VOL
V2.0,V1.1,VNM,114,HIGH,2018-06-11,84.61,2018-07-05,76.71,0.09100000000000001,2018-06-04,HIGH_VOL
V2.0,V1.1,VNM,115,LOW,2018-08-08,70.66,2018-08-21,75.78,0.07,2018-07-05,NORMAL
V2.0,V1.1,VNM,116,HIGH,2018-08-22,76.19,2018-09-06,69.0,0.07,2018-08-21,NORMAL
V2.0,V1.1,VNM,117,LOW,2018-09-06,68.94,2018-09-11,74.59,0.05600000000000001,2018-09-06,LOW_VOL
V2.0,V1.1,VNM,118,HIGH,2018-09-27,79.11,2018-10-10,73.46,0.07,2018-09-11,NORMAL
V2.0,V1.1,VNM,119,LOW,2018-11-01,63.01,2018-11-02,66.96,0.05600000000000001,2018-10-10,LOW_VOL
V2.0,V1.1,VNM,120,HIGH,2018-12-04,77.13,2018-12-21,69.22,0.09100000000000001,2018-11-02,HIGH_VOL
V2.0,V1.1,VNM,121,LOW,2018-12-28,68.36,2019-01-07,74.63,0.09100000000000001,2018-12-21,HIGH_VOL
V2.0,V1.1,VNM,122,HIGH,2019-02-25,86.93,2019-02-28,80.38,0.07,2019-01-07,NORMAL
V2.0,V1.1,VNM,123,LOW,2019-04-23,72.18,2019-05-15,77.25,0.07,2019-02-28,NORMAL
V2.0,V1.1,VNM,124,HIGH,2019-05-20,78.39,2019-05-31,73.77,0.05600000000000001,2019-05-15,LOW_VOL
V2.0,V1.1,VNM,125,LOW,2019-08-15,67.61,2019-09-18,72.49,0.07,2019-05-31,NORMAL
V2.0,V1.1,VNM,126,HIGH,2019-10-21,79.4,2019-11-12,74.71,0.05600000000000001,2019-09-18,LOW_VOL
V2.0,V1.1,VNM,127,LOW,2020-02-03,59.69,2020-02-07,65.13,0.07,2019-11-12,NORMAL
V2.0,V1.1,VNM,128,HIGH,2020-02-07,65.31,2020-03-09,57.33,0.09100000000000001,2020-02-07,HIGH_VOL
V2.0,V1.1,VNM,129,LOW,2020-03-23,49.47,2020-03-25,54.37,0.09100000000000001,2020-03-09,HIGH_VOL
V2.0,V1.1,VNM,130,HIGH,2020-06-09,74.47,2020-06-15,66.19,0.09100000000000001,2020-03-25,HIGH_VOL
V2.0,V1.1,VNM,131,LOW,2020-07-27,61.91,2020-08-06,68.74,0.09100000000000001,2020-06-15,HIGH_VOL
V2.0,V1.1,VNM,132,HIGH,2021-01-13,86.33,2021-01-19,79.33,0.07,2020-08-06,NORMAL
V2.0,V1.1,VNM,133,LOW,2021-01-29,70.71,2021-02-02,78.38,0.07,2021-01-19,NORMAL
V2.0,V1.1,VNM,134,HIGH,2021-02-05,81.03,2021-03-24,72.7,0.09100000000000001,2021-02-02,HIGH_VOL
V2.0,V1.1,VNM,135,LOW,2021-05-10,63.42,2021-06-10,68.76,0.07,2021-03-24,NORMAL
V2.0,V1.1,VNM,136,HIGH,2021-06-10,69.8,2021-07-06,64.88,0.07,2021-06-10,NORMAL
V2.0,V1.1,VNM,137,LOW,2021-07-19,62.65,2021-08-11,67.79,0.07,2021-07-06,NORMAL
V2.0,V1.1,VNM,138,HIGH,2021-09-23,70.1,2021-12-03,65.09,0.07,2021-08-11,NORMAL
V2.0,V1.1,VNM,139,LOW,2022-03-28,56.62,2022-03-31,62.4,0.05600000000000001,2021-12-03,LOW_VOL
V2.0,V1.1,VNM,140,HIGH,2022-04-01,63.79,2022-04-21,57.85,0.09100000000000001,2022-03-31,HIGH_VOL
V2.0,V1.1,VNM,141,LOW,2022-05-17,50.29,2022-05-25,55.46,0.09100000000000001,2022-04-21,HIGH_VOL
V2.0,V1.1,VNM,142,HIGH,2022-05-27,56.54,2022-06-13,51.22,0.09100000000000001,2022-05-25,HIGH_VOL
V2.0,V1.1,VNM,143,LOW,2022-06-15,49.75,2022-06-21,56.85,0.09100000000000001,2022-06-13,HIGH_VOL
V2.0,V1.1,VNM,144,HIGH,2022-09-06,63.05,2022-09-28,57.3,0.09100000000000001,2022-06-21,HIGH_VOL
V2.0,V1.1,VNM,145,LOW,2022-10-07,53.07,2022-10-12,57.14,0.07,2022-09-28,NORMAL
V2.0,V1.1,VNM,146,HIGH,2022-11-01,65.84,2022-11-16,59.46,0.09100000000000001,2022-10-12,HIGH_VOL
V2.0,V1.1,VNM,147,LOW,2022-11-16,58.9,2022-11-24,64.8,0.09100000000000001,2022-11-16,HIGH_VOL
V2.0,V1.1,VNM,148,HIGH,2022-12-05,68.32,2022-12-14,61.85,0.09100000000000001,2022-11-24,HIGH_VOL
V2.0,V1.1,VNM,149,LOW,2023-06-02,53.21,2023-06-29,58.41,0.09100000000000001,2022-12-14,HIGH_VOL
V2.0,V1.1,VNM,150,HIGH,2023-09-15,68.16,2023-09-28,62.79,0.07,2023-06-29,NORMAL
V2.0,V1.1,VNM,151,LOW,2023-10-26,55.32,2024-02-19,60.8,0.09100000000000001,2023-09-28,HIGH_VOL
V2.0,V1.1,VNM,152,HIGH,2024-03-06,62.15,2024-03-18,58.16,0.05600000000000001,2024-02-19,LOW_VOL
V2.0,V1.1,VNM,153,LOW,2024-04-16,53.96,2024-05-07,58.24,0.07,2024-03-18,NORMAL
V2.0,V1.1,VNM,154,HIGH,2024-08-20,65.27,2024-10-07,59.47,0.07,2024-05-07,NORMAL
V2.0,V1.1,VNM,155,LOW,2025-04-09,45.91,2025-04-10,49.67,0.07,2024-10-07,NORMAL
V2.0,V1.1,VNM,156,HIGH,2025-09-17,61.23,2025-09-30,55.49,0.09100000000000001,2025-04-10,HIGH_VOL
V2.0,V1.1,VNM,157,LOW,2025-10-20,53.25,2025-11-13,59.84,0.09100000000000001,2025-09-30,HIGH_VOL
V2.0,V1.1,VNM,158,HIGH,2026-01-20,73.1,2026-01-23,65.07,0.09100000000000001,2025-11-13,HIGH_VOL
V2.0,V1.1,VNM,159,LOW,2026-01-27,64.0,2026-02-02,70.3,0.09100000000000001,2026-01-23,HIGH_VOL
V2.0,V1.1,VNM,160,HIGH,2026-02-03,71.26,2026-03-02,64.49,0.09100000000000001,2026-02-02,HIGH_VOL
V2.0,V1.1,VNM,161,LOW,2026-07-06,54.6,2026-07-28,59.6,0.09100000000000001,2026-03-02,HIGH_VOL
V2.0,V1.1,VNM,162,HIGH,2026-08-24,64.4,2026-09-14,59.3,0.07,2026-07-28,NORMAL
V2.0,V1.1,DIG,1,LOW,2009-08-19,8.5,2009-08-24,9.73,0.12,,BOOTSTRAP
V2.0,V1.1,DIG,2,HIGH,2009-09-25,19.83,2009-09-30,17.22,0.12,2009-08-24,NORMAL
V2.0,V1.1,DIG,3,LOW,2009-10-05,15.52,2009-10-12,17.48,0.12,2009-09-30,NORMAL
V2.0,V1.1,DIG,4,HIGH,2009-10-16,18.39,2009-10-23,15.91,0.12,2009-10-12,NORMAL
V2.0,V1.1,DIG,5,LOW,2009-11-10,14.09,2009-11-18,16.04,0.12,2009-10-23,NORMAL
V2.0,V1.1,DIG,6,HIGH,2009-11-19,16.3,2009-11-25,13.7,0.12,2009-11-18,NORMAL
V2.0,V1.1,DIG,7,LOW,2009-12-17,11.48,2009-12-22,13.2,0.12,2009-11-25,NORMAL
V2.0,V1.1,DIG,8,HIGH,2010-01-06,15.95,2010-01-12,13.95,0.12,2009-12-22,NORMAL
V2.0,V1.1,DIG,9,LOW,2010-01-29,12.82,2010-03-09,14.62,0.096,2010-01-12,LOW_VOL
V2.0,V1.1,DIG,10,HIGH,2010-03-15,15.0,2010-03-23,13.48,0.096,2010-03-09,LOW_VOL
V2.0,V1.1,DIG,11,LOW,2010-08-26,7.33,2010-08-30,8.32,0.096,2010-03-23,LOW_VOL
V2.0,V1.1,DIG,12,HIGH,2010-09-06,9.49,2010-09-29,7.97,0.15,2010-08-30,HIGH_VOL
V2.0,V1.1,DIG,13,LOW,2010-11-24,5.96,2010-12-01,6.8,0.12,2010-09-29,NORMAL
V2.0,V1.1,DIG,14,HIGH,2010-12-15,8.71,2011-01-12,7.39,0.15,2010-12-01,HIGH_VOL
V2.0,V1.1,DIG,15,LOW,2011-03-09,4.98,2011-03-11,5.6,0.12,2011-01-12,NORMAL
V2.0,V1.1,DIG,16,HIGH,2011-03-21,5.99,2011-04-18,5.04,0.15,2011-03-11,HIGH_VOL
V2.0,V1.1,DIG,17,LOW,2011-06-01,3.31,2011-06-07,3.77,0.12,2011-04-18,NORMAL
V2.0,V1.1,DIG,18,HIGH,2011-06-10,4.18,2011-06-20,3.5,0.15,2011-06-07,HIGH_VOL
V2.0,V1.1,DIG,19,LOW,2011-08-11,2.88,2011-08-23,3.35,0.15,2011-06-20,HIGH_VOL
V2.0,V1.1,DIG,20,HIGH,2011-09-14,4.81,2011-09-26,4.07,0.12,2011-08-23,NORMAL
V2.0,V1.1,DIG,21,LOW,2011-10-04,3.74,2011-10-28,4.36,0.15,2011-09-26,HIGH_VOL
V2.0,V1.1,DIG,22,HIGH,2011-10-31,4.54,2011-11-07,3.97,0.12,2011-10-28,NORMAL
V2.0,V1.1,DIG,23,LOW,2011-12-01,2.96,2011-12-05,3.4,0.12,2011-11-07,NORMAL
V2.0,V1.1,DIG,24,HIGH,2011-12-06,3.5,2011-12-13,2.96,0.15,2011-12-05,HIGH_VOL
V2.0,V1.1,DIG,25,LOW,2012-01-10,2.39,2012-01-18,2.75,0.15,2011-12-13,HIGH_VOL
V2.0,V1.1,DIG,26,HIGH,2012-03-06,5.08,2012-03-12,4.28,0.12,2012-01-18,NORMAL
V2.0,V1.1,DIG,27,LOW,2012-03-13,4.18,2012-03-26,4.85,0.15,2012-03-12,HIGH_VOL
V2.0,V1.1,DIG,28,HIGH,2012-04-26,6.07,2012-05-15,4.93,0.15,2012-03-26,HIGH_VOL
V2.0,V1.1,DIG,29,LOW,2012-06-05,3.97,2012-06-07,4.64,0.15,2012-05-15,HIGH_VOL
V2.0,V1.1,DIG,30,HIGH,2012-06-11,5.01,2012-06-26,4.28,0.12,2012-06-07,NORMAL
V2.0,V1.1,DIG,31,LOW,2012-07-05,3.99,2012-07-13,4.49,0.12,2012-06-26,NORMAL
V2.0,V1.1,DIG,32,HIGH,2012-07-19,4.77,2012-08-01,4.15,0.12,2012-07-13,NORMAL
V2.0,V1.1,DIG,33,LOW,2012-10-04,2.83,2012-10-09,3.27,0.15,2012-08-01,HIGH_VOL
V2.0,V1.1,DIG,34,HIGH,2012-10-18,3.61,2012-10-24,3.19,0.096,2012-10-09,LOW_VOL
V2.0,V1.1,DIG,35,LOW,2012-11-02,3.03,2012-11-09,3.4,0.12,2012-10-24,NORMAL
V2.0,V1.1,DIG,36,HIGH,2012-11-12,3.55,2012-11-23,3.19,0.096,2012-11-09,LOW_VOL
V2.0,V1.1,DIG,37,LOW,2012-11-27,3.09,2012-12-11,3.5,0.096,2012-11-23,LOW_VOL
V2.0,V1.1,DIG,38,HIGH,2013-01-17,4.8,2013-01-18,4.31,0.096,2012-12-11,LOW_VOL
V2.0,V1.1,DIG,39,LOW,2013-01-22,4.19,2013-02-19,4.74,0.12,2013-01-18,NORMAL
V2.0,V1.1,DIG,40,HIGH,2013-02-19,4.83,2013-02-26,4.01,0.12,2013-02-19,NORMAL
V2.0,V1.1,DIG,41,LOW,2013-03-05,3.64,2013-03-15,4.28,0.15,2013-02-26,HIGH_VOL
V2.0,V1.1,DIG,42,HIGH,2013-03-15,4.28,2013-04-15,3.55,0.15,2013-03-15,HIGH_VOL
V2.0,V1.1,DIG,43,LOW,2013-04-24,3.3,2013-05-09,3.82,0.12,2013-04-15,NORMAL
V2.0,V1.1,DIG,44,HIGH,2013-05-31,4.25,2013-06-13,3.73,0.12,2013-05-09,NORMAL
V2.0,V1.1,DIG,45,LOW,2013-08-13,2.39,2013-08-16,2.75,0.096,2013-06-13,LOW_VOL
V2.0,V1.1,DIG,46,HIGH,2013-08-19,2.81,2013-08-23,2.54,0.096,2013-08-16,LOW_VOL
V2.0,V1.1,DIG,47,LOW,2013-09-05,2.32,2013-09-25,2.66,0.12,2013-08-23,NORMAL
V2.0,V1.1,DIG,48,HIGH,2013-10-09,3.3,2013-10-14,2.97,0.096,2013-09-25,LOW_VOL
V2.0,V1.1,DIG,49,LOW,2013-10-14,2.97,2013-10-21,3.46,0.15,2013-10-14,HIGH_VOL
V2.0,V1.1,DIG,50,HIGH,2014-03-25,6.0,2014-04-02,5.02,0.15,2013-10-21,HIGH_VOL
V2.0,V1.1,DIG,51,LOW,2014-04-02,4.86,2014-04-08,5.6,0.15,2014-04-02,HIGH_VOL
V2.0,V1.1,DIG,52,HIGH,2014-04-10,5.75,2014-05-05,4.86,0.15,2014-04-08,HIGH_VOL
V2.0,V1.1,DIG,53,LOW,2014-05-14,3.61,2014-05-16,4.37,0.15,2014-05-05,HIGH_VOL
V2.0,V1.1,DIG,54,HIGH,2014-10-03,6.23,2014-10-16,5.12,0.15,2014-05-16,HIGH_VOL
V2.0,V1.1,DIG,55,LOW,2014-12-30,4.32,2014-12-31,5.01,0.15,2014-10-16,HIGH_VOL
V2.0,V1.1,DIG,56,HIGH,2015-03-05,5.28,2015-03-25,4.59,0.12,2014-12-31,NORMAL
V2.0,V1.1,DIG,57,LOW,2015-03-30,4.36,2015-04-09,4.86,0.096,2015-03-25,LOW_VOL
V2.0,V1.1,DIG,58,HIGH,2015-04-09,4.97,2015-05-15,4.32,0.12,2015-04-09,NORMAL
V2.0,V1.1,DIG,59,LOW,2015-05-19,3.98,2015-06-12,4.66,0.12,2015-05-15,NORMAL
V2.0,V1.1,DIG,60,HIGH,2015-07-14,5.09,2015-08-03,4.47,0.12,2015-06-12,NORMAL
V2.0,V1.1,DIG,61,LOW,2015-08-25,3.56,2015-08-28,4.05,0.12,2015-08-03,NORMAL
V2.0,V1.1,DIG,62,HIGH,2015-10-08,4.97,2015-11-12,4.21,0.15,2015-08-28,HIGH_VOL
V2.0,V1.1,DIG,63,LOW,2016-01-21,2.97,2016-01-25,3.39,0.096,2015-11-12,LOW_VOL
V2.0,V1.1,DIG,64,HIGH,2016-02-01,3.55,2016-03-31,2.97,0.15,2016-01-25,HIGH_VOL
V2.0,V1.1,DIG,65,LOW,2016-04-01,2.89,2016-04-11,3.26,0.12,2016-03-31,NORMAL
V2.0,V1.1,DIG,66,HIGH,2016-06-09,4.24,2016-06-27,3.7,0.12,2016-04-11,NORMAL
V2.0,V1.1,DIG,67,LOW,2016-06-24,3.61,2016-07-08,4.15,0.12,2016-06-27,NORMAL
V2.0,V1.1,DIG,68,HIGH,2016-07-08,4.19,2016-08-01,3.75,0.096,2016-07-08,LOW_VOL
V2.0,V1.1,DIG,69,LOW,2016-09-28,3.08,2016-11-16,3.58,0.15,2016-08-01,HIGH_VOL
V2.0,V1.1,DIG,70,HIGH,2016-11-17,3.7,2016-12-12,3.18,0.096,2016-11-16,LOW_VOL
V2.0,V1.1,DIG,71,LOW,2016-12-14,3.13,2017-02-20,3.64,0.15,2016-12-12,HIGH_VOL
V2.0,V1.1,DIG,72,HIGH,2018-01-31,11.95,2018-02-05,10.21,0.12,2017-02-20,NORMAL
V2.0,V1.1,DIG,73,LOW,2018-02-06,9.49,2018-02-21,10.92,0.15,2018-02-05,HIGH_VOL
V2.0,V1.1,DIG,74,HIGH,2018-03-19,13.26,2018-04-10,11.24,0.15,2018-02-21,HIGH_VOL
V2.0,V1.1,DIG,75,LOW,2018-05-29,8.23,2018-06-04,9.31,0.12,2018-04-10,NORMAL
V2.0,V1.1,DIG,76,HIGH,2018-06-06,9.84,2018-06-19,7.98,0.15,2018-06-04,HIGH_VOL
V2.0,V1.1,DIG,77,LOW,2018-07-11,5.99,2018-07-18,7.09,0.15,2018-06-19,HIGH_VOL
V2.0,V1.1,DIG,78,HIGH,2018-09-25,8.92,2018-10-22,7.46,0.15,2018-07-18,HIGH_VOL
V2.0,V1.1,DIG,79,LOW,2018-10-30,6.42,2018-11-19,7.49,0.12,2018-10-22,NORMAL
V2.0,V1.1,DIG,80,HIGH,2019-03-07,8.86,2019-03-25,7.76,0.12,2018-11-19,NORMAL
V2.0,V1.1,DIG,81,LOW,2019-08-06,6.56,2019-08-20,7.41,0.096,2019-03-25,LOW_VOL
V2.0,V1.1,DIG,82,HIGH,2019-10-02,8.43,2019-10-31,7.38,0.12,2019-08-20,NORMAL
V2.0,V1.1,DIG,83,LOW,2020-02-04,6.14,2020-02-12,6.97,0.096,2019-10-31,LOW_VOL
V2.0,V1.1,DIG,84,HIGH,2020-02-19,7.65,2020-03-12,6.47,0.15,2020-02-12,HIGH_VOL
V2.0,V1.1,DIG,85,LOW,2020-03-31,5.41,2020-04-15,6.25,0.15,2020-03-12,HIGH_VOL
V2.0,V1.1,DIG,86,HIGH,2021-01-18,19.85,2021-01-27,15.89,0.15,2020-04-15,HIGH_VOL
V2.0,V1.1,DIG,87,LOW,2021-01-29,13.77,2021-02-03,15.97,0.15,2021-01-27,HIGH_VOL
V2.0,V1.1,DIG,88,HIGH,2021-04-08,18.78,2021-04-27,15.93,0.15,2021-02-03,HIGH_VOL
V2.0,V1.1,DIG,89,LOW,2021-05-04,15.69,2021-05-24,18.23,0.15,2021-04-27,HIGH_VOL
V2.0,V1.1,DIG,90,HIGH,2021-06-01,20.29,2021-06-10,17.51,0.12,2021-05-24,NORMAL
V2.0,V1.1,DIG,91,LOW,2021-07-20,14.95,2021-07-26,17.47,0.15,2021-06-10,HIGH_VOL
V2.0,V1.1,DIG,92,HIGH,2021-09-06,25.69,2021-09-27,20.84,0.15,2021-07-26,HIGH_VOL
V2.0,V1.1,DIG,93,LOW,2021-09-28,20.41,2021-10-06,23.57,0.15,2021-09-27,HIGH_VOL
V2.0,V1.1,DIG,94,HIGH,2021-11-19,53.86,2021-11-22,46.14,0.12,2021-10-06,NORMAL
V2.0,V1.1,DIG,95,LOW,2021-11-23,42.95,2021-11-26,49.54,0.15,2021-11-22,HIGH_VOL
V2.0,V1.1,DIG,96,HIGH,2022-01-10,88.73,2022-01-13,73.5,0.15,2021-11-26,HIGH_VOL
V2.0,V1.1,DIG,97,LOW,2022-01-20,51.38,2022-01-21,63.15,0.15,2022-01-13,HIGH_VOL
V2.0,V1.1,DIG,98,HIGH,2022-01-24,64.5,2022-01-28,52.16,0.15,2022-01-21,HIGH_VOL
V2.0,V1.1,DIG,99,LOW,2022-02-09,42.1,2022-02-10,51.67,0.15,2022-01-28,HIGH_VOL
V2.0,V1.1,DIG,100,HIGH,2022-03-24,77.39,2022-03-31,65.56,0.15,2022-02-10,HIGH_VOL
V2.0,V1.1,DIG,101,LOW,2022-04-26,37.14,2022-04-27,45.64,0.15,2022-03-31,HIGH_VOL
V2.0,V1.1,DIG,102,HIGH,2022-04-29,46.78,2022-05-06,38.34,0.15,2022-04-27,HIGH_VOL
V2.0,V1.1,DIG,103,LOW,2022-05-10,33.24,2022-05-11,40.19,0.15,2022-05-06,HIGH_VOL
V2.0,V1.1,DIG,104,HIGH,2022-05-12,41.04,2022-05-13,34.83,0.15,2022-05-11,HIGH_VOL
V2.0,V1.1,DIG,105,LOW,2022-05-17,34.02,2022-05-18,39.26,0.15,2022-05-13,HIGH_VOL
V2.0,V1.1,DIG,106,HIGH,2022-05-30,44.44,2022-06-06,37.71,0.15,2022-05-18,HIGH_VOL
V2.0,V1.1,DIG,107,LOW,2022-06-22,22.25,2022-06-27,25.59,0.15,2022-06-06,HIGH_VOL
V2.0,V1.1,DIG,108,HIGH,2022-08-10,37.01,2022-09-08,30.26,0.15,2022-06-27,HIGH_VOL
V2.0,V1.1,DIG,109,LOW,2022-10-04,22.31,2022-10-05,24.64,0.096,2022-09-08,LOW_VOL
V2.0,V1.1,DIG,110,HIGH,2022-10-05,24.82,2022-10-11,21.31,0.12,2022-10-05,NORMAL
V2.0,V1.1,DIG,111,LOW,2022-10-12,19.84,2022-10-18,22.65,0.12,2022-10-11,NORMAL
V2.0,V1.1,DIG,112,HIGH,2022-10-19,23.09,2022-10-24,18.98,0.12,2022-10-18,NORMAL
V2.0,V1.1,DIG,113,LOW,2022-11-16,8.13,2022-11-17,9.64,0.15,2022-10-24,HIGH_VOL
V2.0,V1.1,DIG,114,HIGH,2022-12-06,17.64,2022-12-07,14.44,0.15,2022-11-17,HIGH_VOL
V2.0,V1.1,DIG,115,LOW,2022-12-07,14.44,2022-12-09,16.47,0.12,2022-12-07,NORMAL
V2.0,V1.1,DIG,116,HIGH,2022-12-12,17.12,2022-12-20,14.48,0.12,2022-12-09,NORMAL
V2.0,V1.1,DIG,117,LOW,2022-12-27,12.02,2022-12-28,13.58,0.12,2022-12-20,NORMAL
V2.0,V1.1,DIG,118,HIGH,2023-02-01,15.48,2023-02-07,12.97,0.15,2022-12-28,HIGH_VOL
V2.0,V1.1,DIG,119,LOW,2023-02-14,11.33,2023-02-20,13.1,0.096,2023-02-07,LOW_VOL
V2.0,V1.1,DIG,120,HIGH,2023-02-21,13.66,2023-02-23,12.32,0.096,2023-02-20,LOW_VOL
V2.0,V1.1,DIG,121,LOW,2023-03-14,9.38,2023-03-17,10.77,0.12,2023-02-23,NORMAL
V2.0,V1.1,DIG,122,HIGH,2023-04-13,15.52,2023-04-14,14.01,0.096,2023-03-17,LOW_VOL
V2.0,V1.1,DIG,123,LOW,2023-04-17,13.66,2023-04-18,15.05,0.096,2023-04-14,LOW_VOL
V2.0,V1.1,DIG,124,HIGH,2023-04-19,15.52,2023-04-25,14.01,0.096,2023-04-18,LOW_VOL
V2.0,V1.1,DIG,125,LOW,2023-04-25,14.01,2023-04-28,16.17,0.12,2023-04-25,NORMAL
V2.0,V1.1,DIG,126,HIGH,2023-05-17,18.68,2023-05-18,16.73,0.096,2023-04-28,LOW_VOL
V2.0,V1.1,DIG,127,LOW,2023-05-19,16.43,2023-05-24,18.03,0.096,2023-05-18,LOW_VOL
V2.0,V1.1,DIG,128,HIGH,2023-06-02,19.54,2023-06-12,17.51,0.096,2023-05-24,LOW_VOL
V2.0,V1.1,DIG,129,LOW,2023-06-09,17.12,2023-06-20,18.89,0.096,2023-06-12,LOW_VOL
V2.0,V1.1,DIG,130,HIGH,2023-06-26,20.15,2023-06-30,18.2,0.096,2023-06-20,LOW_VOL
V2.0,V1.1,DIG,131,LOW,2023-07-07,17.29,2023-07-13,19.11,0.096,2023-06-30,LOW_VOL
V2.0,V1.1,DIG,132,HIGH,2023-08-17,24.86,2023-08-18,22.39,0.096,2023-07-13,LOW_VOL
V2.0,V1.1,DIG,133,LOW,2023-08-22,20.75,2023-08-24,23.26,0.096,2023-08-18,LOW_VOL
V2.0,V1.1,DIG,134,HIGH,2023-09-07,25.94,2023-09-18,23.17,0.096,2023-08-24,LOW_VOL
V2.0,V1.1,DIG,135,LOW,2023-10-06,17.99,2023-10-11,20.23,0.12,2023-09-18,NORMAL
V2.0,V1.1,DIG,136,HIGH,2023-10-13,20.92,2023-10-18,17.6,0.12,2023-10-11,NORMAL
V2.0,V1.1,DIG,137,LOW,2023-10-19,16.47,2023-11-02,19.02,0.15,2023-10-18,HIGH_VOL
V2.0,V1.1,DIG,138,HIGH,2024-04-12,29.36,2024-04-17,24.9,0.12,2023-11-02,NORMAL
V2.0,V1.1,DIG,139,LOW,2024-08-12,18.63,2024-08-20,21.66,0.15,2024-04-17,HIGH_VOL
V2.0,V1.1,DIG,140,HIGH,2024-08-28,22.14,2024-09-06,19.41,0.12,2024-08-20,NORMAL
V2.0,V1.1,DIG,141,LOW,2025-02-03,14.74,2025-02-18,16.64,0.12,2024-09-06,NORMAL
V2.0,V1.1,DIG,142,HIGH,2025-03-17,18.46,2025-04-03,16.0,0.12,2025-02-18,NORMAL
V2.0,V1.1,DIG,143,LOW,2025-04-23,11.8,2025-05-06,13.23,0.12,2025-04-03,NORMAL
V2.0,V1.1,DIG,144,HIGH,2025-08-20,23.65,2025-08-25,19.52,0.15,2025-05-06,HIGH_VOL
V2.0,V1.1,DIG,145,LOW,2025-08-25,19.52,2025-09-03,22.82,0.15,2025-08-25,HIGH_VOL
V2.0,V1.1,DIG,146,HIGH,2025-09-05,24.75,2025-10-02,20.58,0.15,2025-09-03,HIGH_VOL
V2.0,V1.1,DIG,147,LOW,2025-10-08,19.52,2025-10-13,22.5,0.15,2025-10-02,HIGH_VOL
V2.0,V1.1,DIG,148,HIGH,2025-10-17,25.1,2025-10-27,20.4,0.15,2025-10-13,HIGH_VOL
V2.0,V1.1,DIG,149,LOW,2026-03-10,12.35,2026-03-27,14.45,0.15,2025-10-27,HIGH_VOL
V2.0,V1.1,DIG,150,HIGH,2026-05-14,15.2,2026-05-29,13.05,0.12,2026-03-27,NORMAL
V2.0,V1.1,DIG,151,LOW,2026-07-28,9.35,2026-08-03,10.6,0.096,2026-05-29,LOW_VOL
V2.0,V1.1,CEO,1,LOW,2014-09-29,4.37,2014-09-30,4.91,0.12,,BOOTSTRAP
V2.0,V1.1,CEO,2,HIGH,2014-10-03,6.21,2014-10-06,5.41,0.12,2014-09-30,NORMAL
V2.0,V1.1,CEO,3,LOW,2014-10-15,4.28,2014-10-23,4.82,0.12,2014-10-06,NORMAL
V2.0,V1.1,CEO,4,HIGH,2014-11-18,5.41,2014-11-26,4.65,0.12,2014-10-23,NORMAL
V2.0,V1.1,CEO,5,LOW,2014-12-17,4.04,2014-12-24,4.61,0.12,2014-11-26,NORMAL
V2.0,V1.1,CEO,6,HIGH,2014-12-24,4.65,2014-12-29,4.01,0.12,2014-12-24,NORMAL
V2.0,V1.1,CEO,7,LOW,2014-12-30,3.89,2014-12-31,4.38,0.12,2014-12-29,NORMAL
V2.0,V1.1,CEO,8,HIGH,2015-01-26,4.84,2015-02-03,4.08,0.12,2014-12-31,NORMAL
V2.0,V1.1,CEO,9,LOW,2015-02-04,3.93,2015-02-13,4.35,0.096,2015-02-03,LOW_VOL
V2.0,V1.1,CEO,10,HIGH,2015-04-17,5.36,2015-05-04,4.67,0.096,2015-02-13,LOW_VOL
V2.0,V1.1,CEO,11,LOW,2015-05-05,4.43,2015-05-20,4.99,0.12,2015-05-04,NORMAL
V2.0,V1.1,CEO,12,HIGH,2015-07-14,6.04,2015-08-24,5.24,0.12,2015-05-20,NORMAL
V2.0,V1.1,CEO,13,LOW,2015-08-24,5.03,2015-08-26,5.64,0.12,2015-08-24,NORMAL
V2.0,V1.1,CEO,14,HIGH,2015-10-07,7.17,2015-11-12,5.84,0.12,2015-08-26,NORMAL
V2.0,V1.1,CEO,15,LOW,2015-11-13,5.64,2015-11-20,6.24,0.096,2015-11-12,LOW_VOL
V2.0,V1.1,CEO,16,HIGH,2015-11-24,6.6,2015-12-14,5.88,0.096,2015-11-20,LOW_VOL
V2.0,V1.1,CEO,17,LOW,2015-12-07,5.52,2015-12-31,6.28,0.12,2015-12-14,NORMAL
V2.0,V1.1,CEO,18,HIGH,2016-01-04,6.32,2016-01-15,5.6,0.096,2015-12-31,LOW_VOL
V2.0,V1.1,CEO,19,LOW,2016-01-18,5.11,2016-01-25,5.96,0.096,2016-01-15,LOW_VOL
V2.0,V1.1,CEO,20,HIGH,2016-02-22,6.13,2016-04-01,5.19,0.15,2016-01-25,HIGH_VOL
V2.0,V1.1,CEO,21,LOW,2016-05-23,4.6,2016-05-30,5.18,0.12,2016-04-01,NORMAL
V2.0,V1.1,CEO,22,HIGH,2016-06-02,5.51,2016-06-23,4.98,0.096,2016-05-30,LOW_VOL
V2.0,V1.1,CEO,23,LOW,2016-06-24,4.55,2016-07-07,5.27,0.12,2016-06-23,NORMAL
V2.0,V1.1,CEO,24,HIGH,2016-07-07,5.32,2016-08-08,4.6,0.12,2016-07-07,NORMAL
V2.0,V1.1,CEO,25,LOW,2016-08-08,4.6,2016-08-11,5.13,0.096,2016-08-08,LOW_VOL
V2.0,V1.1,CEO,26,HIGH,2016-08-12,5.22,2016-08-31,4.7,0.096,2016-08-11,LOW_VOL
V2.0,V1.1,CEO,27,LOW,2016-09-20,4.51,2016-10-18,5.22,0.15,2016-08-31,HIGH_VOL
V2.0,V1.1,CEO,28,HIGH,2016-10-24,5.37,2016-11-03,4.84,0.096,2016-10-18,LOW_VOL
V2.0,V1.1,CEO,29,LOW,2016-11-03,4.79,2016-11-10,5.46,0.12,2016-11-03,NORMAL
V2.0,V1.1,CEO,30,HIGH,2017-01-16,6.71,2017-03-31,5.7,0.15,2016-11-10,HIGH_VOL
V2.0,V1.1,CEO,31,LOW,2017-04-07,5.46,2017-04-12,5.99,0.096,2017-03-31,LOW_VOL
V2.0,V1.1,CEO,32,HIGH,2017-04-13,6.28,2017-04-24,5.46,0.096,2017-04-12,LOW_VOL
V2.0,V1.1,CEO,33,LOW,2017-04-25,5.32,2017-05-15,6.18,0.15,2017-04-24,HIGH_VOL
V2.0,V1.1,CEO,34,HIGH,2017-07-17,6.41,2017-10-05,5.41,0.15,2017-05-15,HIGH_VOL
V2.0,V1.1,CEO,35,LOW,2017-10-09,5.25,2017-10-25,5.85,0.096,2017-10-05,LOW_VOL
V2.0,V1.1,CEO,36,HIGH,2017-11-08,6.17,2017-12-11,5.57,0.096,2017-10-25,LOW_VOL
V2.0,V1.1,CEO,37,LOW,2017-12-11,5.3,2018-01-09,5.96,0.12,2017-12-11,NORMAL
V2.0,V1.1,CEO,38,HIGH,2018-01-31,6.61,2018-02-05,5.63,0.096,2018-01-09,LOW_VOL
V2.0,V1.1,CEO,39,LOW,2018-02-06,5.36,2018-03-20,6.5,0.15,2018-02-05,HIGH_VOL
V2.0,V1.1,CEO,40,HIGH,2018-04-11,9.29,2018-04-13,8.36,0.096,2018-03-20,LOW_VOL
V2.0,V1.1,CEO,41,LOW,2018-04-16,8.03,2018-04-20,9.62,0.15,2018-04-13,HIGH_VOL
V2.0,V1.1,CEO,42,HIGH,2018-04-23,10.38,2018-05-02,8.25,0.15,2018-04-20,HIGH_VOL
V2.0,V1.1,CEO,43,LOW,2018-05-03,7.43,2018-05-18,8.85,0.15,2018-05-02,HIGH_VOL
V2.0,V1.1,CEO,44,HIGH,2018-05-25,10.11,2018-05-28,8.36,0.15,2018-05-18,HIGH_VOL
V2.0,V1.1,CEO,45,LOW,2018-05-30,8.2,2018-06-07,9.56,0.15,2018-05-28,HIGH_VOL
V2.0,V1.1,CEO,46,HIGH,2018-06-07,9.62,2018-06-12,7.92,0.15,2018-06-07,HIGH_VOL
V2.0,V1.1,CEO,47,LOW,2018-07-04,5.85,2018-07-18,6.99,0.15,2018-06-12,HIGH_VOL
V2.0,V1.1,CEO,48,HIGH,2018-09-25,8.54,2018-10-11,7.19,0.15,2018-07-18,HIGH_VOL
V2.0,V1.1,CEO,49,LOW,2018-10-25,7.07,2018-11-26,8.07,0.12,2018-10-11,NORMAL
V2.0,V1.1,CEO,50,HIGH,2018-12-13,8.65,2018-12-25,7.48,0.096,2018-11-26,LOW_VOL
V2.0,V1.1,CEO,51,LOW,2019-01-08,6.84,2019-01-09,7.72,0.12,2018-12-25,NORMAL
V2.0,V1.1,CEO,52,HIGH,2019-03-05,8.48,2019-03-21,7.37,0.12,2019-01-09,NORMAL
V2.0,V1.1,CEO,53,LOW,2019-06-27,6.43,2019-07-16,7.13,0.096,2019-03-21,LOW_VOL
V2.0,V1.1,CEO,54,HIGH,2019-07-18,7.26,2019-10-08,6.35,0.12,2019-07-16,NORMAL
V2.0,V1.1,CEO,55,LOW,2019-12-11,5.58,2019-12-23,6.16,0.096,2019-10-08,LOW_VOL
V2.0,V1.1,CEO,56,HIGH,2019-12-23,6.29,2020-01-31,5.45,0.12,2019-12-23,NORMAL
V2.0,V1.1,CEO,57,LOW,2020-02-03,4.93,2020-02-17,5.71,0.15,2020-01-31,HIGH_VOL
V2.0,V1.1,CEO,58,HIGH,2020-02-17,5.9,2020-03-09,4.86,0.15,2020-02-17,HIGH_VOL
V2.0,V1.1,CEO,59,LOW,2020-03-30,3.63,2020-04-06,4.34,0.15,2020-03-09,HIGH_VOL
V2.0,V1.1,CEO,60,HIGH,2020-06-10,6.68,2020-06-24,5.51,0.15,2020-04-06,HIGH_VOL
V2.0,V1.1,CEO,61,LOW,2020-06-30,4.54,2020-07-09,5.51,0.15,2020-06-24,HIGH_VOL
V2.0,V1.1,CEO,62,HIGH,2020-07-09,5.51,2020-07-24,4.67,0.15,2020-07-09,HIGH_VOL
V2.0,V1.1,CEO,63,LOW,2020-07-31,4.08,2020-08-25,4.86,0.15,2020-07-24,HIGH_VOL
V2.0,V1.1,CEO,64,HIGH,2020-10-05,5.12,2020-10-29,4.47,0.12,2020-08-25,NORMAL
V2.0,V1.1,CEO,65,LOW,2020-11-02,4.34,2020-12-04,5.06,0.12,2020-10-29,NORMAL
V2.0,V1.1,CEO,66,HIGH,2021-01-05,9.27,2021-01-07,7.97,0.096,2020-12-04,LOW_VOL
V2.0,V1.1,CEO,67,LOW,2021-01-20,6.35,2021-01-21,7.39,0.15,2021-01-07,HIGH_VOL
V2.0,V1.1,CEO,68,HIGH,2021-01-25,7.78,2021-01-27,6.48,0.15,2021-01-21,HIGH_VOL
V2.0,V1.1,CEO,69,LOW,2021-01-29,5.25,2021-02-03,6.29,0.15,2021-01-27,HIGH_VOL
V2.0,V1.1,CEO,70,HIGH,2021-04-06,8.88,2021-04-16,7.39,0.15,2021-02-03,HIGH_VOL
V2.0,V1.1,CEO,71,LOW,2021-05-21,5.71,2021-06-01,6.81,0.15,2021-04-16,HIGH_VOL
V2.0,V1.1,CEO,72,HIGH,2021-06-08,7.72,2021-06-09,6.74,0.12,2021-06-01,NORMAL
V2.0,V1.1,CEO,73,LOW,2021-07-12,4.99,2021-08-06,5.84,0.15,2021-06-09,HIGH_VOL
V2.0,V1.1,CEO,74,HIGH,2021-08-17,6.35,2021-08-23,5.51,0.12,2021-08-06,NORMAL
V2.0,V1.1,CEO,75,LOW,2021-08-25,5.38,2021-08-31,6.03,0.12,2021-08-23,NORMAL
V2.0,V1.1,CEO,76,HIGH,2021-09-17,7.46,2021-09-27,6.29,0.12,2021-08-31,NORMAL
V2.0,V1.1,CEO,77,LOW,2021-09-28,6.09,2021-10-07,7.26,0.15,2021-09-27,HIGH_VOL
V2.0,V1.1,CEO,78,HIGH,2021-11-30,31.44,2021-12-01,24.9,0.12,2021-10-07,NORMAL
V2.0,V1.1,CEO,79,LOW,2021-12-01,23.66,2021-12-02,27.36,0.15,2021-12-01,HIGH_VOL
V2.0,V1.1,CEO,80,HIGH,2021-12-03,30.08,2021-12-06,25.42,0.15,2021-12-02,HIGH_VOL
V2.0,V1.1,CEO,81,LOW,2021-12-07,23.73,2021-12-15,29.37,0.15,2021-12-06,HIGH_VOL
V2.0,V1.1,CEO,82,HIGH,2021-12-23,44.74,2021-12-24,37.6,0.15,2021-12-15,HIGH_VOL
V2.0,V1.1,CEO,83,LOW,2021-12-24,36.05,2021-12-28,45.45,0.15,2021-12-24,HIGH_VOL
V2.0,V1.1,CEO,84,HIGH,2022-01-10,64.83,2022-01-12,53.49,0.15,2021-12-28,HIGH_VOL
V2.0,V1.1,CEO,85,LOW,2022-01-20,30.34,2022-01-21,40.65,0.15,2022-01-12,HIGH_VOL
V2.0,V1.1,CEO,86,HIGH,2022-01-27,46.03,2022-02-07,36.18,0.15,2022-01-21,HIGH_VOL
V2.0,V1.1,CEO,87,LOW,2022-02-09,29.37,2022-02-10,39.42,0.15,2022-02-07,HIGH_VOL
V2.0,V1.1,CEO,88,HIGH,2022-02-21,50.31,2022-02-24,42.01,0.15,2022-02-10,HIGH_VOL
V2.0,V1.1,CEO,89,LOW,2022-02-23,38.9,2022-03-01,46.55,0.15,2022-02-24,HIGH_VOL
V2.0,V1.1,CEO,90,HIGH,2022-03-22,49.66,2022-03-31,41.49,0.15,2022-03-01,HIGH_VOL
V2.0,V1.1,CEO,91,LOW,2022-04-26,20.03,2022-04-27,26.84,0.12,2022-03-31,NORMAL
V2.0,V1.1,CEO,92,HIGH,2022-04-28,27.88,2022-05-05,23.66,0.15,2022-04-27,HIGH_VOL
V2.0,V1.1,CEO,93,LOW,2022-05-10,17.83,2022-05-11,23.53,0.15,2022-05-05,HIGH_VOL
V2.0,V1.1,CEO,94,HIGH,2022-05-12,24.44,2022-05-13,19.97,0.15,2022-05-11,HIGH_VOL
V2.0,V1.1,CEO,95,LOW,2022-05-13,19.19,2022-05-17,24.05,0.15,2022-05-13,HIGH_VOL
V2.0,V1.1,CEO,96,HIGH,2022-05-27,29.76,2022-06-10,24.7,0.15,2022-05-17,HIGH_VOL
V2.0,V1.1,CEO,97,LOW,2022-06-22,14.0,2022-06-23,18.09,0.12,2022-06-10,NORMAL
V2.0,V1.1,CEO,98,HIGH,2022-06-29,19.9,2022-07-06,16.86,0.15,2022-06-23,HIGH_VOL
V2.0,V1.1,CEO,99,LOW,2022-07-01,15.63,2022-07-08,18.93,0.15,2022-07-06,HIGH_VOL
V2.0,V1.1,CEO,100,HIGH,2022-08-11,24.18,2022-08-30,20.29,0.15,2022-07-08,HIGH_VOL
V2.0,V1.1,CEO,101,LOW,2022-10-05,10.44,2022-10-06,11.67,0.096,2022-08-30,LOW_VOL
V2.0,V1.1,CEO,102,HIGH,2022-10-06,13.1,2022-10-07,10.7,0.15,2022-10-06,HIGH_VOL
V2.0,V1.1,CEO,103,LOW,2022-10-12,9.08,2022-10-18,11.02,0.15,2022-10-07,HIGH_VOL
V2.0,V1.1,CEO,104,HIGH,2022-10-19,11.28,2022-10-21,9.53,0.15,2022-10-18,HIGH_VOL
V2.0,V1.1,CEO,105,LOW,2022-10-27,6.35,2022-10-28,8.23,0.15,2022-10-21,HIGH_VOL
V2.0,V1.1,CEO,106,HIGH,2022-11-01,9.4,2022-11-04,7.97,0.15,2022-10-28,HIGH_VOL
V2.0,V1.1,CEO,107,LOW,2022-11-08,6.48,2022-11-09,7.91,0.15,2022-11-04,HIGH_VOL
V2.0,V1.1,CEO,108,HIGH,2022-11-09,8.17,2022-11-11,6.48,0.15,2022-11-09,HIGH_VOL
V2.0,V1.1,CEO,109,LOW,2022-11-16,4.73,2022-11-17,6.29,0.15,2022-11-11,HIGH_VOL
V2.0,V1.1,CEO,110,HIGH,2022-12-06,17.25,2022-12-07,12.77,0.15,2022-11-17,HIGH_VOL
V2.0,V1.1,CEO,111,LOW,2022-12-08,11.67,2022-12-09,15.37,0.12,2022-12-07,NORMAL
V2.0,V1.1,CEO,112,HIGH,2022-12-12,16.73,2022-12-14,14.65,0.12,2022-12-09,NORMAL
V2.0,V1.1,CEO,113,LOW,2022-12-13,12.51,2022-12-15,14.91,0.12,2022-12-14,NORMAL
V2.0,V1.1,CEO,114,HIGH,2022-12-19,15.95,2022-12-20,13.49,0.12,2022-12-15,NORMAL
V2.0,V1.1,CEO,115,LOW,2022-12-27,9.98,2022-12-28,12.9,0.15,2022-12-20,HIGH_VOL
V2.0,V1.1,CEO,116,HIGH,2023-02-01,17.18,2023-02-07,14.07,0.15,2022-12-28,HIGH_VOL
V2.0,V1.1,CEO,117,LOW,2023-02-13,12.51,2023-02-20,15.17,0.12,2023-02-07,NORMAL
V2.0,V1.1,CEO,118,HIGH,2023-02-21,15.63,2023-02-22,13.94,0.096,2023-02-20,LOW_VOL
V2.0,V1.1,CEO,119,LOW,2023-03-01,11.99,2023-03-08,13.55,0.12,2023-02-22,NORMAL
V2.0,V1.1,CEO,120,HIGH,2023-04-10,17.25,2023-04-14,14.98,0.096,2023-03-08,LOW_VOL
V2.0,V1.1,CEO,121,LOW,2023-04-17,14.78,2023-04-28,16.4,0.096,2023-04-14,LOW_VOL
V2.0,V1.1,CEO,122,HIGH,2023-05-30,18.15,2023-06-12,16.4,0.096,2023-04-28,LOW_VOL
V2.0,V1.1,CEO,123,LOW,2023-07-13,12.84,2023-07-19,14.52,0.096,2023-06-12,LOW_VOL
V2.0,V1.1,CEO,124,HIGH,2023-09-13,25.59,2023-09-18,22.82,0.096,2023-07-19,LOW_VOL
V2.0,V1.1,CEO,125,LOW,2023-10-06,15.13,2023-10-09,17.12,0.12,2023-09-18,NORMAL
V2.0,V1.1,CEO,126,HIGH,2023-10-16,18.59,2023-10-18,15.73,0.15,2023-10-09,HIGH_VOL
V2.0,V1.1,CEO,127,LOW,2023-10-18,15.13,2023-10-23,17.55,0.15,2023-10-18,HIGH_VOL
V2.0,V1.1,CEO,128,HIGH,2023-10-25,18.5,2023-10-26,15.99,0.12,2023-10-23,NORMAL
V2.0,V1.1,CEO,129,LOW,2023-10-26,15.73,2023-11-02,19.1,0.15,2023-10-26,HIGH_VOL
V2.0,V1.1,CEO,130,HIGH,2023-11-09,22.04,2023-11-23,19.02,0.12,2023-11-02,NORMAL
V2.0,V1.1,CEO,131,LOW,2023-11-24,17.12,2023-12-04,19.8,0.12,2023-11-23,NORMAL
V2.0,V1.1,CEO,132,HIGH,2023-12-08,21.44,2024-01-15,18.59,0.12,2023-12-04,NORMAL
V2.0,V1.1,CEO,133,LOW,2023-12-19,17.38,2024-01-22,19.19,0.096,2024-01-15,LOW_VOL
V2.0,V1.1,CEO,134,HIGH,2024-04-03,21.18,2024-04-15,17.55,0.096,2024-01-22,LOW_VOL
V2.0,V1.1,CEO,135,LOW,2024-04-19,14.78,2024-05-16,16.6,0.12,2024-04-15,NORMAL
V2.0,V1.1,CEO,136,HIGH,2024-05-20,17.12,2024-06-21,15.04,0.12,2024-05-16,NORMAL
V2.0,V1.1,CEO,137,LOW,2024-06-27,13.23,2024-07-02,14.7,0.096,2024-06-21,LOW_VOL
V2.0,V1.1,CEO,138,HIGH,2024-07-11,15.91,2024-07-22,13.92,0.12,2024-07-02,NORMAL
V2.0,V1.1,CEO,139,LOW,2024-08-06,11.01,2024-08-07,12.92,0.12,2024-07-22,NORMAL
V2.0,V1.1,CEO,140,HIGH,2024-08-26,15.74,2024-10-16,13.19,0.15,2024-08-07,HIGH_VOL
V2.0,V1.1,CEO,141,LOW,2024-09-13,12.38,2024-10-17,14.01,0.096,2024-10-16,LOW_VOL
V2.0,V1.1,CEO,142,HIGH,2024-10-18,14.29,2024-11-15,12.83,0.096,2024-10-17,LOW_VOL
V2.0,V1.1,CEO,143,LOW,2024-11-20,11.47,2024-11-21,13.19,0.12,2024-11-15,NORMAL
V2.0,V1.1,CEO,144,HIGH,2024-12-05,13.47,2025-01-03,11.83,0.12,2024-11-21,NORMAL
V2.0,V1.1,CEO,145,LOW,2025-01-15,9.55,2025-01-16,11.01,0.12,2025-01-03,NORMAL
V2.0,V1.1,CEO,146,HIGH,2025-03-18,14.29,2025-04-03,11.83,0.15,2025-01-16,HIGH_VOL
V2.0,V1.1,CEO,147,LOW,2025-04-09,9.37,2025-04-11,11.28,0.12,2025-04-03,NORMAL
V2.0,V1.1,CEO,148,HIGH,2025-07-29,25.11,2025-08-01,21.2,0.15,2025-04-11,HIGH_VOL
V2.0,V1.1,CEO,149,LOW,2025-08-05,20.02,2025-08-07,22.71,0.12,2025-08-01,NORMAL
V2.0,V1.1,CEO,150,HIGH,2025-08-19,27.48,2025-08-22,22.42,0.15,2025-08-07,HIGH_VOL
V2.0,V1.1,CEO,151,LOW,2025-08-25,21.47,2025-09-03,25.0,0.15,2025-08-22,HIGH_VOL
V2.0,V1.1,CEO,152,HIGH,2025-09-25,26.53,2025-10-03,22.42,0.15,2025-09-03,HIGH_VOL
V2.0,V1.1,CEO,153,LOW,2025-10-06,22.33,2025-10-10,25.19,0.12,2025-10-03,NORMAL
V2.0,V1.1,CEO,154,HIGH,2025-10-17,31.39,2025-10-20,27.48,0.096,2025-10-10,LOW_VOL
V2.0,V1.1,CEO,155,LOW,2025-10-21,26.15,2025-10-22,29.96,0.12,2025-10-20,NORMAL
V2.0,V1.1,CEO,156,HIGH,2025-10-23,30.92,2025-10-27,26.53,0.12,2025-10-22,NORMAL
V2.0,V1.1,CEO,157,LOW,2025-11-04,20.9,2025-11-12,24.62,0.15,2025-10-27,HIGH_VOL
V2.0,V1.1,CEO,158,HIGH,2025-11-17,25.86,2025-12-12,21.09,0.15,2025-11-12,HIGH_VOL
V2.0,V1.1,CEO,159,LOW,2025-12-16,19.18,2025-12-19,21.57,0.12,2025-12-12,NORMAL
V2.0,V1.1,CEO,160,HIGH,2025-12-23,22.52,2026-01-06,19.08,0.12,2025-12-19,NORMAL
V2.0,V1.1,CEO,161,LOW,2026-01-12,16.79,2026-01-22,19.66,0.12,2026-01-06,NORMAL
V2.0,V1.1,CEO,162,HIGH,2026-01-23,20.33,2026-01-26,17.37,0.12,2026-01-22,NORMAL
V2.0,V1.1,CEO,163,LOW,2026-01-27,16.51,2026-01-30,19.08,0.15,2026-01-26,HIGH_VOL
V2.0,V1.1,CEO,164,HIGH,2026-01-30,19.56,2026-03-02,15.75,0.15,2026-01-30,HIGH_VOL
V2.0,V1.1,CEO,165,LOW,2026-03-10,12.5,2026-03-11,14.31,0.12,2026-03-02,NORMAL
V2.0,V1.1,CEO,166,HIGH,2026-05-04,17.65,2026-06-05,14.79,0.15,2026-03-11,HIGH_VOL
V2.0,V1.1,CEO,167,LOW,2026-06-16,14.2,2026-06-17,15.7,0.096,2026-06-05,LOW_VOL
V2.0,V1.1,CEO,168,HIGH,2026-06-17,16.1,2026-07-03,14.4,0.096,2026-06-17,LOW_VOL
V2.0,V1.1,CEO,169,LOW,2026-07-28,10.0,2026-07-29,11.2,0.096,2026-07-03,LOW_VOL
V2.0,V1.1,CEO,170,HIGH,2026-08-26,13.7,2026-09-14,11.6,0.15,2026-07-29,HIGH_VOL
V2.0,V1.1,NVL,1,LOW,2017-01-24,22.75,2017-02-21,26.07,0.1,,BOOTSTRAP
V2.0,V1.1,NVL,2,HIGH,2017-03-15,30.42,2017-03-17,26.7,0.1,2017-02-21,NORMAL
V2.0,V1.1,NVL,3,LOW,2017-03-23,26.23,2017-04-24,28.88,0.1,2017-03-17,NORMAL
V2.0,V1.1,NVL,4,HIGH,2017-04-24,29.43,2017-05-29,26.47,0.1,2017-04-24,NORMAL
V2.0,V1.1,NVL,5,LOW,2017-09-05,23.07,2017-09-15,25.24,0.08000000000000002,2017-05-29,LOW_VOL
V2.0,V1.1,NVL,6,HIGH,2018-04-05,40.78,2018-04-26,34.21,0.13,2017-09-15,HIGH_VOL
V2.0,V1.1,NVL,7,LOW,2018-05-23,25.51,2018-07-19,28.88,0.13,2018-04-26,HIGH_VOL
V2.0,V1.1,NVL,8,HIGH,2018-09-14,35.86,2018-09-21,31.05,0.1,2018-07-19,NORMAL
V2.0,V1.1,NVL,9,LOW,2018-09-21,31.05,2018-10-12,35.19,0.13,2018-09-21,HIGH_VOL
V2.0,V1.1,NVL,10,HIGH,2018-10-26,38.66,2018-12-18,33.53,0.13,2018-10-12,HIGH_VOL
V2.0,V1.1,NVL,11,LOW,2019-01-09,27.79,2019-01-10,30.64,0.08000000000000002,2018-12-18,LOW_VOL
V2.0,V1.1,NVL,12,HIGH,2019-08-20,33.69,2019-11-26,29.24,0.13,2019-01-10,HIGH_VOL
V2.0,V1.1,NVL,13,LOW,2019-12-16,28.26,2019-12-31,30.79,0.08000000000000002,2019-11-26,LOW_VOL
V2.0,V1.1,NVL,14,HIGH,2019-12-31,30.79,2020-02-06,27.43,0.1,2019-12-31,NORMAL
V2.0,V1.1,NVL,15,LOW,2020-03-20,25.41,2020-06-16,29.29,0.13,2020-02-06,HIGH_VOL
V2.0,V1.1,NVL,16,HIGH,2021-07-01,87.77,2021-07-09,73.5,0.13,2020-06-16,HIGH_VOL
V2.0,V1.1,NVL,17,LOW,2021-07-12,71.37,2021-12-01,80.95,0.13,2021-07-09,HIGH_VOL
V2.0,V1.1,NVL,18,HIGH,2021-12-31,84.65,2022-01-17,74.42,0.1,2021-12-01,NORMAL
V2.0,V1.1,NVL,19,LOW,2022-02-25,69.21,2022-03-22,78.23,0.13,2022-01-17,HIGH_VOL
V2.0,V1.1,NVL,20,HIGH,2022-04-06,82.14,2022-05-09,73.02,0.1,2022-03-22,NORMAL
V2.0,V1.1,NVL,21,LOW,2022-06-24,66.98,2022-08-05,75.26,0.1,2022-05-09,NORMAL
V2.0,V1.1,NVL,22,HIGH,2022-09-19,80.74,2022-10-07,73.49,0.08000000000000002,2022-08-05,LOW_VOL
V2.0,V1.1,NVL,23,LOW,2022-11-28,17.72,2022-11-29,20.33,0.1,2022-10-07,NORMAL
V2.0,V1.1,NVL,24,HIGH,2022-12-01,23.21,2022-12-06,19.16,0.13,2022-11-29,HIGH_VOL
V2.0,V1.1,NVL,25,LOW,2022-12-27,12.19,2023-01-11,13.86,0.13,2022-12-06,HIGH_VOL
V2.0,V1.1,NVL,26,HIGH,2023-01-12,14.6,2023-01-16,12.7,0.13,2023-01-11,HIGH_VOL
V2.0,V1.1,NVL,27,LOW,2023-02-15,10.37,2023-02-21,11.95,0.13,2023-01-16,HIGH_VOL
V2.0,V1.1,NVL,28,HIGH,2023-02-21,12.37,2023-02-24,10.6,0.13,2023-02-21,HIGH_VOL
V2.0,V1.1,NVL,29,LOW,2023-03-01,9.35,2023-03-17,10.7,0.13,2023-02-24,HIGH_VOL
V2.0,V1.1,NVL,30,HIGH,2023-04-19,14.28,2023-04-21,12.65,0.1,2023-03-17,NORMAL
V2.0,V1.1,NVL,31,LOW,2023-05-26,11.86,2023-06-07,13.53,0.1,2023-04-21,NORMAL
V2.0,V1.1,NVL,32,HIGH,2023-06-14,14.74,2023-06-19,13.02,0.1,2023-06-07,NORMAL
V2.0,V1.1,NVL,33,LOW,2023-06-19,13.02,2023-06-28,14.51,0.1,2023-06-19,NORMAL
V2.0,V1.1,NVL,34,HIGH,2023-08-14,20.19,2023-08-18,17.91,0.1,2023-06-28,NORMAL
V2.0,V1.1,NVL,35,LOW,2023-08-22,16.09,2023-08-24,18.42,0.1,2023-08-18,NORMAL
V2.0,V1.1,NVL,36,HIGH,2023-09-08,20.7,2023-09-13,18.56,0.1,2023-08-24,NORMAL
V2.0,V1.1,NVL,37,LOW,2023-10-06,12.56,2023-10-13,13.91,0.1,2023-09-13,NORMAL
V2.0,V1.1,NVL,38,HIGH,2023-10-16,14.23,2023-10-17,12.79,0.1,2023-10-13,NORMAL
V2.0,V1.1,NVL,39,LOW,2023-10-27,11.3,2023-11-02,13.02,0.13,2023-10-17,HIGH_VOL
V2.0,V1.1,NVL,40,HIGH,2023-12-05,17.4,2023-12-14,15.16,0.1,2023-11-02,NORMAL
V2.0,V1.1,NVL,41,LOW,2023-12-15,14.7,2024-02-15,16.28,0.1,2023-12-14,NORMAL
V2.0,V1.1,NVL,42,HIGH,2024-02-16,16.74,2024-03-08,15.35,0.08000000000000002,2024-02-15,LOW_VOL
V2.0,V1.1,NVL,43,LOW,2024-03-11,14.88,2024-03-25,16.47,0.08000000000000002,2024-03-08,LOW_VOL
V2.0,V1.1,NVL,44,HIGH,2024-04-08,17.63,2024-04-15,15.35,0.08000000000000002,2024-03-25,LOW_VOL
V2.0,V1.1,NVL,45,LOW,2024-05-10,12.51,2024-06-03,13.91,0.1,2024-04-15,NORMAL
V2.0,V1.1,NVL,46,HIGH,2024-06-03,14.09,2024-06-19,12.93,0.08000000000000002,2024-06-03,LOW_VOL
V2.0,V1.1,NVL,47,LOW,2024-07-30,9.86,2024-07-31,11.02,0.08000000000000002,2024-06-19,LOW_VOL
V2.0,V1.1,NVL,48,HIGH,2024-08-28,12.56,2024-09-11,11.02,0.1,2024-07-31,NORMAL
V2.0,V1.1,NVL,49,LOW,2024-10-17,9.35,2024-11-20,10.47,0.1,2024-09-11,NORMAL
V2.0,V1.1,NVL,50,HIGH,2024-11-27,10.7,2024-12-20,9.4,0.1,2024-11-20,NORMAL
V2.0,V1.1,NVL,51,LOW,2025-01-22,8.07,2025-02-04,8.73,0.08000000000000002,2024-12-20,LOW_VOL
V2.0,V1.1,NVL,52,HIGH,2025-03-17,10.51,2025-04-03,8.91,0.1,2025-02-04,NORMAL
V2.0,V1.1,NVL,53,LOW,2025-04-09,7.33,2025-04-11,8.61,0.1,2025-04-03,NORMAL
V2.0,V1.1,NVL,54,HIGH,2025-08-11,17.95,2025-08-22,14.79,0.13,2025-04-11,HIGH_VOL
V2.0,V1.1,NVL,55,LOW,2025-11-11,11.21,2025-11-14,13.16,0.13,2025-08-22,HIGH_VOL
V2.0,V1.1,NVL,56,HIGH,2025-11-19,15.02,2025-12-12,12.42,0.13,2025-11-14,HIGH_VOL
V2.0,V1.1,NVL,57,LOW,2026-01-27,10.6,2026-01-30,12.09,0.13,2025-12-12,HIGH_VOL
V2.0,V1.1,NVL,58,HIGH,2026-02-02,12.47,2026-03-02,10.79,0.1,2026-01-30,NORMAL
V2.0,V1.1,NVL,59,LOW,2026-03-10,9.3,2026-03-11,10.33,0.08000000000000002,2026-03-02,LOW_VOL
V2.0,V1.1,NVL,60,HIGH,2026-03-20,13.77,2026-03-23,11.67,0.1,2026-03-11,NORMAL
V2.0,V1.1,NVL,61,LOW,2026-03-23,11.67,2026-03-26,13.21,0.13,2026-03-23,HIGH_VOL
V2.0,V1.1,NVL,62,HIGH,2026-04-29,19.53,2026-05-05,16.56,0.13,2026-03-26,HIGH_VOL
V2.0,V1.1,NVL,63,LOW,2026-07-16,11.45,2026-07-24,12.95,0.13,2026-05-05,HIGH_VOL
V2.0,V1.1,NVL,64,HIGH,2026-08-10,14.25,2026-08-19,13.0,0.08000000000000002,2026-07-24,LOW_VOL
V2.0,V1.1,NVL,65,LOW,2026-09-14,11.65,2026-09-18,12.8,0.08000000000000002,2026-08-19,LOW_VOL
V2.0,V1.1,SSI,1,LOW,2006-12-15,5.04,2006-12-19,6.0,0.1,,BOOTSTRAP
V2.0,V1.1,SSI,2,HIGH,2006-12-20,6.58,2006-12-21,5.71,0.1,2006-12-19,NORMAL
V2.0,V1.1,SSI,3,LOW,2006-12-26,4.16,2006-12-27,4.86,0.1,2006-12-21,NORMAL
V2.0,V1.1,SSI,4,HIGH,2007-01-16,7.14,2007-01-17,6.13,0.1,2006-12-27,NORMAL
V2.0,V1.1,SSI,5,LOW,2007-01-18,5.6,2007-01-19,6.41,0.1,2007-01-17,NORMAL
V2.0,V1.1,SSI,6,HIGH,2007-01-19,6.69,2007-01-25,5.87,0.1,2007-01-19,NORMAL
V2.0,V1.1,SSI,7,LOW,2007-01-24,5.46,2007-01-26,6.08,0.1,2007-01-25,NORMAL
V2.0,V1.1,SSI,8,HIGH,2007-01-30,6.97,2007-02-07,6.2,0.1,2007-01-26,NORMAL
V2.0,V1.1,SSI,9,LOW,2007-02-08,5.78,2007-02-15,6.37,0.1,2007-02-07,NORMAL
V2.0,V1.1,SSI,10,HIGH,2007-02-27,7.57,2007-02-28,6.72,0.1,2007-02-15,NORMAL
V2.0,V1.1,SSI,11,LOW,2007-03-07,6.38,2007-03-19,7.65,0.1,2007-02-28,NORMAL
V2.0,V1.1,SSI,12,HIGH,2007-03-20,8.41,2007-03-23,7.55,0.1,2007-03-19,NORMAL
V2.0,V1.1,SSI,13,LOW,2007-03-28,6.38,2007-03-29,7.21,0.1,2007-03-23,NORMAL
V2.0,V1.1,SSI,14,HIGH,2007-03-29,7.45,2007-04-16,6.57,0.1,2007-03-29,NORMAL
V2.0,V1.1,SSI,15,LOW,2007-05-14,6.28,2007-05-15,7.31,0.1,2007-04-16,NORMAL
V2.0,V1.1,SSI,16,HIGH,2007-05-15,7.63,2007-06-05,6.98,0.08000000000000002,2007-05-15,LOW_VOL
V2.0,V1.1,SSI,17,LOW,2007-07-03,5.54,2007-07-04,6.47,0.08000000000000002,2007-06-05,LOW_VOL
V2.0,V1.1,SSI,18,HIGH,2007-07-10,6.98,2007-07-20,6.42,0.08000000000000002,2007-07-04,LOW_VOL
V2.0,V1.1,SSI,19,LOW,2007-08-06,6.2,2007-09-06,6.94,0.1,2007-07-20,NORMAL
V2.0,V1.1,SSI,20,HIGH,2007-10-05,11.21,2007-10-08,9.83,0.08000000000000002,2007-09-06,LOW_VOL
V2.0,V1.1,SSI,21,LOW,2007-10-09,9.65,2007-10-12,10.68,0.1,2007-10-08,NORMAL
V2.0,V1.1,SSI,22,HIGH,2007-10-29,12.31,2007-10-31,10.88,0.1,2007-10-12,NORMAL
V2.0,V1.1,SSI,23,LOW,2008-06-20,1.75,2008-06-27,2.01,0.13,2007-10-31,HIGH_VOL
V2.0,V1.1,SSI,24,HIGH,2008-07-21,3.17,2008-07-24,2.9,0.08000000000000002,2008-06-27,LOW_VOL
V2.0,V1.1,SSI,25,LOW,2008-08-07,2.3,2008-08-13,2.57,0.1,2008-07-24,NORMAL
V2.0,V1.1,SSI,26,HIGH,2008-09-08,5.11,2008-09-09,4.53,0.1,2008-08-13,NORMAL
V2.0,V1.1,SSI,27,LOW,2008-10-28,1.78,2008-10-31,2.06,0.13,2008-09-09,HIGH_VOL
V2.0,V1.1,SSI,28,HIGH,2008-11-07,2.59,2008-11-13,2.25,0.13,2008-10-31,HIGH_VOL
V2.0,V1.1,SSI,29,LOW,2008-12-10,1.7,2008-12-15,1.97,0.13,2008-11-13,HIGH_VOL
V2.0,V1.1,SSI,30,HIGH,2008-12-22,2.17,2008-12-24,1.94,0.1,2008-12-15,NORMAL
V2.0,V1.1,SSI,31,LOW,2008-12-26,1.9,2009-01-06,2.11,0.1,2008-12-24,NORMAL
V2.0,V1.1,SSI,32,HIGH,2009-01-07,2.21,2009-01-13,1.95,0.1,2009-01-06,NORMAL
V2.0,V1.1,SSI,33,LOW,2009-02-27,1.36,2009-03-17,1.56,0.1,2009-01-13,NORMAL
V2.0,V1.1,SSI,34,HIGH,2009-04-17,3.14,2009-04-20,2.81,0.1,2009-03-17,NORMAL
V2.0,V1.1,SSI,35,LOW,2009-04-27,2.25,2009-04-29,2.54,0.1,2009-04-20,NORMAL
V2.0,V1.1,SSI,36,HIGH,2009-06-12,5.48,2009-06-16,4.68,0.13,2009-04-29,HIGH_VOL
V2.0,V1.1,SSI,37,LOW,2009-06-23,3.98,2009-06-26,4.45,0.1,2009-06-16,NORMAL
V2.0,V1.1,SSI,38,HIGH,2009-06-29,4.55,2009-07-14,3.91,0.13,2009-06-26,HIGH_VOL
V2.0,V1.1,SSI,39,LOW,2009-07-23,3.51,2009-07-27,4.11,0.13,2009-07-14,HIGH_VOL
V2.0,V1.1,SSI,40,HIGH,2009-09-29,5.95,2009-10-02,5.25,0.1,2009-07-27,NORMAL
V2.0,V1.1,SSI,41,LOW,2009-10-06,5.08,2009-10-14,5.52,0.08000000000000002,2009-10-02,LOW_VOL
V2.0,V1.1,SSI,42,HIGH,2009-10-23,7.36,2009-10-26,6.69,0.08000000000000002,2009-10-14,LOW_VOL
V2.0,V1.1,SSI,43,LOW,2009-11-10,5.38,2009-11-19,5.99,0.1,2009-10-26,NORMAL
V2.0,V1.1,SSI,44,HIGH,2009-11-20,6.15,2009-11-25,5.35,0.1,2009-11-19,NORMAL
V2.0,V1.1,SSI,45,LOW,2009-11-27,4.85,2009-12-01,5.45,0.1,2009-11-25,NORMAL
V2.0,V1.1,SSI,46,HIGH,2009-12-02,5.48,2009-12-09,4.92,0.1,2009-12-01,NORMAL
V2.0,V1.1,SSI,47,LOW,2009-12-17,4.25,2009-12-18,4.68,0.1,2009-12-09,NORMAL
V2.0,V1.1,SSI,48,HIGH,2010-01-06,6.57,2010-01-18,5.69,0.13,2009-12-18,HIGH_VOL
V2.0,V1.1,SSI,49,LOW,2010-01-22,5.42,2010-03-08,6.23,0.13,2010-01-18,HIGH_VOL
V2.0,V1.1,SSI,50,HIGH,2010-03-26,6.46,2010-03-30,5.89,0.08000000000000002,2010-03-08,LOW_VOL
V2.0,V1.1,SSI,51,LOW,2010-05-20,4.72,2010-05-28,5.23,0.08000000000000002,2010-03-30,LOW_VOL
V2.0,V1.1,SSI,52,HIGH,2010-05-28,5.28,2010-06-30,4.72,0.1,2010-05-28,NORMAL
V2.0,V1.1,SSI,53,LOW,2010-08-13,3.71,2010-08-16,4.08,0.08000000000000002,2010-06-30,LOW_VOL
V2.0,V1.1,SSI,54,HIGH,2010-08-17,4.09,2010-08-24,3.65,0.1,2010-08-16,NORMAL
V2.0,V1.1,SSI,55,LOW,2010-08-27,3.42,2010-08-31,3.84,0.1,2010-08-24,NORMAL
V2.0,V1.1,SSI,56,HIGH,2010-09-07,4.19,2010-09-13,3.68,0.1,2010-08-31,NORMAL
V2.0,V1.1,SSI,57,LOW,2010-11-22,2.96,2010-11-30,3.39,0.13,2010-09-13,HIGH_VOL
V2.0,V1.1,SSI,58,HIGH,2010-12-07,4.14,2010-12-08,3.69,0.1,2010-11-30,NORMAL
V2.0,V1.1,SSI,59,LOW,2010-12-09,3.65,2010-12-13,4.25,0.13,2010-12-08,HIGH_VOL
V2.0,V1.1,SSI,60,HIGH,2010-12-29,4.61,2011-01-11,3.98,0.13,2010-12-13,HIGH_VOL
V2.0,V1.1,SSI,61,LOW,2011-03-09,2.88,2011-03-16,3.27,0.13,2011-01-11,HIGH_VOL
V2.0,V1.1,SSI,62,HIGH,2011-03-21,3.53,2011-03-30,3.07,0.13,2011-03-16,HIGH_VOL
V2.0,V1.1,SSI,63,LOW,2011-05-26,2.09,2011-05-27,2.42,0.13,2011-03-30,HIGH_VOL
V2.0,V1.1,SSI,64,HIGH,2011-06-14,2.98,2011-06-15,2.61,0.1,2011-05-27,NORMAL
V2.0,V1.1,SSI,65,LOW,2011-08-09,2.21,2011-08-18,2.54,0.13,2011-06-15,HIGH_VOL
V2.0,V1.1,SSI,66,HIGH,2011-09-08,3.19,2011-09-16,2.92,0.08000000000000002,2011-08-18,LOW_VOL
V2.0,V1.1,SSI,67,LOW,2012-01-09,1.74,2012-01-13,1.97,0.13,2011-09-16,HIGH_VOL
V2.0,V1.1,SSI,68,HIGH,2012-03-06,2.92,2012-03-12,2.5,0.13,2012-01-13,HIGH_VOL
V2.0,V1.1,SSI,69,LOW,2012-03-12,2.48,2012-03-19,2.82,0.13,2012-03-12,HIGH_VOL
V2.0,V1.1,SSI,70,HIGH,2012-05-08,3.62,2012-05-18,3.04,0.13,2012-03-19,HIGH_VOL
V2.0,V1.1,SSI,71,LOW,2012-07-05,2.71,2012-07-19,3.17,0.13,2012-05-18,HIGH_VOL
V2.0,V1.1,SSI,72,HIGH,2012-07-20,3.23,2012-08-22,2.79,0.1,2012-07-19,NORMAL
V2.0,V1.1,SSI,73,LOW,2012-08-24,2.53,2012-08-29,2.75,0.08000000000000002,2012-08-22,LOW_VOL
V2.0,V1.1,SSI,74,HIGH,2012-08-30,2.79,2012-09-10,2.5,0.1,2012-08-29,NORMAL
V2.0,V1.1,SSI,75,LOW,2012-10-02,2.23,2012-10-16,2.48,0.1,2012-09-10,NORMAL
V2.0,V1.1,SSI,76,HIGH,2012-10-11,2.52,2012-10-25,2.27,0.08000000000000002,2012-10-16,LOW_VOL
V2.0,V1.1,SSI,77,LOW,2012-11-05,2.16,2012-12-19,2.39,0.08000000000000002,2012-10-25,LOW_VOL
V2.0,V1.1,SSI,78,HIGH,2013-01-16,2.94,2013-01-22,2.66,0.08000000000000002,2012-12-19,LOW_VOL
V2.0,V1.1,SSI,79,LOW,2013-01-22,2.63,2013-01-28,2.92,0.1,2013-01-22,NORMAL
V2.0,V1.1,SSI,80,HIGH,2013-02-18,3.09,2013-02-21,2.78,0.1,2013-01-28,NORMAL
V2.0,V1.1,SSI,81,LOW,2013-03-05,2.61,2013-04-09,2.94,0.1,2013-02-21,NORMAL
V2.0,V1.1,SSI,82,HIGH,2013-04-10,2.97,2013-04-15,2.69,0.08000000000000002,2013-04-09,LOW_VOL
V2.0,V1.1,SSI,83,LOW,2013-04-22,2.6,2013-05-27,2.84,0.08000000000000002,2013-04-15,LOW_VOL
V2.0,V1.1,SSI,84,HIGH,2013-05-31,3.04,2013-06-17,2.78,0.08000000000000002,2013-05-27,LOW_VOL
V2.0,V1.1,SSI,85,LOW,2013-09-04,2.57,2013-11-18,2.88,0.1,2013-06-17,NORMAL
V2.0,V1.1,SSI,86,HIGH,2014-02-26,4.42,2014-03-03,4.04,0.08000000000000002,2013-11-18,LOW_VOL
V2.0,V1.1,SSI,87,LOW,2014-03-04,3.96,2014-03-13,4.48,0.13,2014-03-03,HIGH_VOL
V2.0,V1.1,SSI,88,HIGH,2014-04-11,5.12,2014-04-21,4.24,0.13,2014-03-13,HIGH_VOL
V2.0,V1.1,SSI,89,LOW,2014-05-15,3.22,2014-05-19,3.67,0.13,2014-04-21,HIGH_VOL
V2.0,V1.1,SSI,90,HIGH,2014-10-03,5.49,2014-12-17,4.73,0.13,2014-05-19,HIGH_VOL
V2.0,V1.1,SSI,91,LOW,2014-12-30,4.2,2014-12-31,4.66,0.1,2014-12-17,NORMAL
V2.0,V1.1,SSI,92,HIGH,2015-03-06,4.8,2015-03-27,4.15,0.13,2014-12-31,HIGH_VOL
V2.0,V1.1,SSI,93,LOW,2015-05-18,3.88,2015-05-21,4.31,0.1,2015-03-27,NORMAL
V2.0,V1.1,SSI,94,HIGH,2015-07-27,5.84,2015-08-24,5.19,0.1,2015-05-21,NORMAL
V2.0,V1.1,SSI,95,LOW,2015-08-25,5.03,2015-08-28,5.75,0.13,2015-08-24,HIGH_VOL
V2.0,V1.1,SSI,96,HIGH,2015-08-31,5.9,2015-11-30,5.08,0.13,2015-08-28,HIGH_VOL
V2.0,V1.1,SSI,97,LOW,2016-01-18,4.16,2016-01-25,4.67,0.08000000000000002,2015-11-30,LOW_VOL
V2.0,V1.1,SSI,98,HIGH,2016-03-03,5.23,2016-05-13,4.52,0.13,2016-01-25,HIGH_VOL
V2.0,V1.1,SSI,99,LOW,2016-05-13,4.47,2016-06-10,4.92,0.1,2016-05-13,NORMAL
V2.0,V1.1,SSI,100,HIGH,2016-07-19,5.52,2016-08-02,4.94,0.1,2016-06-10,NORMAL
V2.0,V1.1,SSI,101,LOW,2016-12-12,4.33,2017-02-13,4.96,0.13,2016-08-02,HIGH_VOL
V2.0,V1.1,SSI,102,HIGH,2017-04-04,5.73,2017-04-13,5.27,0.08000000000000002,2017-02-13,LOW_VOL
V2.0,V1.1,SSI,103,LOW,2017-04-18,5.1,2017-05-19,6.09,0.13,2017-04-13,HIGH_VOL
V2.0,V1.1,SSI,104,HIGH,2017-07-06,6.79,2017-07-19,5.9,0.13,2017-05-19,HIGH_VOL
V2.0,V1.1,SSI,105,LOW,2017-11-01,5.34,2017-11-21,6.12,0.13,2017-07-19,HIGH_VOL
V2.0,V1.1,SSI,106,HIGH,2017-12-04,7.14,2017-12-11,6.29,0.1,2017-11-21,NORMAL
V2.0,V1.1,SSI,107,LOW,2017-12-12,6.06,2017-12-28,6.98,0.13,2017-12-11,HIGH_VOL
V2.0,V1.1,SSI,108,HIGH,2018-01-29,9.04,2018-02-06,7.6,0.13,2017-12-28,HIGH_VOL
V2.0,V1.1,SSI,109,LOW,2018-02-09,7.29,2018-02-13,8.32,0.13,2018-02-06,HIGH_VOL
V2.0,V1.1,SSI,110,HIGH,2018-04-10,10.82,2018-04-24,9.11,0.13,2018-02-13,HIGH_VOL
V2.0,V1.1,SSI,111,LOW,2018-05-28,6.69,2018-05-31,7.8,0.13,2018-04-24,HIGH_VOL
V2.0,V1.1,SSI,112,HIGH,2018-06-11,8.5,2018-06-27,7.24,0.13,2018-05-31,HIGH_VOL
V2.0,V1.1,SSI,113,LOW,2018-07-04,6.14,2018-07-06,6.97,0.13,2018-06-27,HIGH_VOL
V2.0,V1.1,SSI,114,HIGH,2018-10-04,8.37,2018-10-24,7.11,0.13,2018-07-06,HIGH_VOL
V2.0,V1.1,SSI,115,LOW,2018-10-25,6.66,2018-12-03,7.45,0.1,2018-10-24,NORMAL
V2.0,V1.1,SSI,116,HIGH,2018-12-13,7.54,2018-12-24,6.78,0.08000000000000002,2018-12-03,LOW_VOL
V2.0,V1.1,SSI,117,LOW,2019-01-18,6.26,2019-02-12,6.82,0.08000000000000002,2018-12-24,LOW_VOL
V2.0,V1.1,SSI,118,HIGH,2019-03-14,7.44,2019-03-25,6.73,0.08000000000000002,2019-02-12,LOW_VOL
V2.0,V1.1,SSI,119,LOW,2019-08-08,5.21,2019-08-21,5.65,0.08000000000000002,2019-03-25,LOW_VOL
V2.0,V1.1,SSI,120,HIGH,2019-10-04,5.98,2019-11-29,5.2,0.13,2019-08-21,HIGH_VOL
V2.0,V1.1,SSI,121,LOW,2020-01-08,4.61,2020-01-16,5.01,0.08000000000000002,2019-11-29,LOW_VOL
V2.0,V1.1,SSI,122,HIGH,2020-01-17,5.12,2020-01-31,4.65,0.08000000000000002,2020-01-16,LOW_VOL
V2.0,V1.1,SSI,123,LOW,2020-03-31,2.91,2020-04-03,3.48,0.13,2020-01-31,HIGH_VOL
V2.0,V1.1,SSI,124,HIGH,2020-07-20,5.18,2020-07-27,4.31,0.13,2020-04-03,HIGH_VOL
V2.0,V1.1,SSI,125,LOW,2020-07-29,4.29,2020-08-24,4.86,0.13,2020-07-27,HIGH_VOL
V2.0,V1.1,SSI,126,HIGH,2020-10-19,6.06,2020-10-28,5.41,0.1,2020-08-24,NORMAL
V2.0,V1.1,SSI,127,LOW,2020-10-29,5.33,2020-11-17,5.91,0.1,2020-10-28,NORMAL
V2.0,V1.1,SSI,128,HIGH,2021-01-15,12.06,2021-01-20,10.78,0.1,2020-11-17,NORMAL
V2.0,V1.1,SSI,129,LOW,2021-02-02,8.32,2021-02-03,9.62,0.13,2021-01-20,HIGH_VOL
V2.0,V1.1,SSI,130,HIGH,2021-03-02,11.5,2021-03-25,9.97,0.13,2021-02-03,HIGH_VOL
V2.0,V1.1,SSI,131,LOW,2021-03-26,9.52,2021-04-01,10.99,0.1,2021-03-25,NORMAL
V2.0,V1.1,SSI,132,HIGH,2021-04-13,11.95,2021-04-22,10.28,0.1,2021-04-01,NORMAL
V2.0,V1.1,SSI,133,LOW,2021-04-27,10.09,2021-05-14,11.43,0.13,2021-04-22,HIGH_VOL
V2.0,V1.1,SSI,134,HIGH,2021-06-04,16.19,2021-06-08,14.25,0.1,2021-05-14,NORMAL
V2.0,V1.1,SSI,135,LOW,2021-06-09,13.92,2021-06-11,16.22,0.13,2021-06-08,HIGH_VOL
V2.0,V1.1,SSI,136,HIGH,2021-07-02,19.47,2021-07-12,16.34,0.13,2021-06-11,HIGH_VOL
V2.0,V1.1,SSI,137,LOW,2021-07-20,16.11,2021-08-03,18.65,0.13,2021-07-12,HIGH_VOL
V2.0,V1.1,SSI,138,HIGH,2021-09-09,21.82,2021-09-27,19.27,0.1,2021-08-03,NORMAL
V2.0,V1.1,SSI,139,LOW,2021-10-04,18.24,2021-10-11,20.19,0.08000000000000002,2021-09-27,LOW_VOL
V2.0,V1.1,SSI,140,HIGH,2021-10-12,20.31,2021-10-25,18.45,0.08000000000000002,2021-10-11,LOW_VOL
V2.0,V1.1,SSI,141,LOW,2021-10-26,18.31,2021-11-01,19.95,0.08000000000000002,2021-10-25,LOW_VOL
V2.0,V1.1,SSI,142,HIGH,2021-11-30,27.8,2021-12-03,24.33,0.08000000000000002,2021-11-01,LOW_VOL
V2.0,V1.1,SSI,143,LOW,2022-01-25,19.71,2022-03-04,22.45,0.13,2021-12-03,HIGH_VOL
V2.0,V1.1,SSI,144,HIGH,2022-03-08,23.22,2022-03-14,20.81,0.08000000000000002,2022-03-04,LOW_VOL
V2.0,V1.1,SSI,145,LOW,2022-05-13,12.07,2022-05-17,14.04,0.1,2022-03-14,NORMAL
V2.0,V1.1,SSI,146,HIGH,2022-05-30,14.79,2022-06-13,12.5,0.13,2022-05-17,HIGH_VOL
V2.0,V1.1,SSI,147,LOW,2022-06-21,8.7,2022-06-23,9.87,0.13,2022-06-13,HIGH_VOL
V2.0,V1.1,SSI,148,HIGH,2022-08-25,13.86,2022-09-07,12.03,0.13,2022-06-23,HIGH_VOL
V2.0,V1.1,SSI,149,LOW,2022-10-07,8.64,2022-10-14,9.55,0.1,2022-09-07,NORMAL
V2.0,V1.1,SSI,150,HIGH,2022-10-18,9.87,2022-10-24,8.05,0.13,2022-10-14,HIGH_VOL
V2.0,V1.1,SSI,151,LOW,2022-10-25,7.63,2022-10-31,8.69,0.13,2022-10-24,HIGH_VOL
V2.0,V1.1,SSI,152,HIGH,2022-11-01,9.09,2022-11-07,7.63,0.13,2022-10-31,HIGH_VOL
V2.0,V1.1,SSI,153,LOW,2022-11-16,6.96,2022-11-17,8.43,0.13,2022-11-07,HIGH_VOL
V2.0,V1.1,SSI,154,HIGH,2022-12-19,11.65,2022-12-23,9.76,0.13,2022-11-17,HIGH_VOL
V2.0,V1.1,SSI,155,LOW,2022-12-27,9.07,2023-01-05,10.29,0.13,2022-12-23,HIGH_VOL
V2.0,V1.1,SSI,156,HIGH,2023-02-01,11.65,2023-02-07,10.16,0.1,2023-01-05,NORMAL
V2.0,V1.1,SSI,157,LOW,2023-02-13,9.68,2023-02-20,11.07,0.1,2023-02-07,NORMAL
V2.0,V1.1,SSI,158,HIGH,2023-02-21,11.17,2023-02-27,9.73,0.1,2023-02-20,NORMAL
V2.0,V1.1,SSI,159,LOW,2023-03-01,9.68,2023-03-15,10.85,0.1,2023-02-27,NORMAL
V2.0,V1.1,SSI,160,HIGH,2023-04-10,12.37,2023-04-14,11.31,0.08000000000000002,2023-03-15,LOW_VOL
V2.0,V1.1,SSI,161,LOW,2023-04-26,11.04,2023-05-10,12.0,0.08000000000000002,2023-04-14,LOW_VOL
V2.0,V1.1,SSI,162,HIGH,2023-09-20,20.51,2023-09-22,18.07,0.08000000000000002,2023-05-10,LOW_VOL
V2.0,V1.1,SSI,163,LOW,2023-10-04,16.43,2023-10-06,18.26,0.1,2023-09-22,NORMAL
V2.0,V1.1,SSI,164,HIGH,2023-10-12,18.9,2023-10-26,15.91,0.13,2023-10-06,HIGH_VOL
V2.0,V1.1,SSI,165,LOW,2023-10-31,14.22,2023-11-06,16.07,0.13,2023-10-26,HIGH_VOL
V2.0,V1.1,SSI,166,HIGH,2024-03-28,21.75,2024-04-19,18.4,0.13,2023-11-06,HIGH_VOL
V2.0,V1.1,SSI,167,LOW,2024-04-19,18.32,2024-05-17,20.18,0.1,2024-04-19,NORMAL
V2.0,V1.1,SSI,168,HIGH,2024-05-22,20.7,2024-07-24,18.24,0.1,2024-05-17,NORMAL
V2.0,V1.1,SSI,169,LOW,2024-08-05,16.41,2024-08-16,18.12,0.1,2024-07-24,NORMAL
V2.0,V1.1,SSI,170,HIGH,2024-10-01,20.13,2024-11-13,18.07,0.1,2024-08-16,NORMAL
V2.0,V1.1,SSI,171,LOW,2024-12-05,16.79,2024-12-06,18.71,0.08000000000000002,2024-11-13,LOW_VOL
V2.0,V1.1,SSI,172,HIGH,2024-12-30,19.1,2025-01-10,16.83,0.1,2024-12-06,NORMAL
V2.0,V1.1,SSI,173,LOW,2025-01-10,16.68,2025-02-24,18.35,0.1,2025-01-10,NORMAL
V2.0,V1.1,SSI,174,HIGH,2025-03-18,19.49,2025-04-03,17.47,0.08000000000000002,2025-02-24,LOW_VOL
V2.0,V1.1,SSI,175,LOW,2025-04-09,14.63,2025-04-11,16.65,0.1,2025-04-03,NORMAL
V2.0,V1.1,SSI,176,HIGH,2025-10-14,31.53,2025-10-23,27.3,0.13,2025-04-11,HIGH_VOL
V2.0,V1.1,SSI,177,LOW,2025-12-12,22.38,2026-01-12,25.94,0.13,2025-10-23,HIGH_VOL
V2.0,V1.1,SSI,178,HIGH,2026-01-13,27.1,2026-02-06,23.9,0.1,2026-01-12,NORMAL
V2.0,V1.1,SSI,179,LOW,2026-02-10,23.58,2026-03-03,26.06,0.1,2026-02-06,NORMAL
V2.0,V1.1,SSI,180,HIGH,2026-03-05,27.98,2026-03-06,25.18,0.1,2026-03-03,NORMAL
V2.0,V1.1,SSI,181,LOW,2026-03-23,20.14,2026-04-01,22.3,0.1,2026-03-06,NORMAL
V2.0,V1.1,SSI,182,HIGH,2026-04-08,23.5,2026-07-14,20.42,0.13,2026-04-01,HIGH_VOL
V2.0,V1.1,SSI,183,LOW,2026-07-28,17.35,2026-07-30,19.18,0.08000000000000002,2026-07-14,LOW_VOL
